{
"type": "FeatureCollection",
"name": "bees",
"crs": { "type": "name", "properties": { "name": "urn:ogc:def:crs:OGC:1.3:CRS84" } },
"features": [
{ "type": "Feature", "properties": { "id": 3507285, "time_observed_at": "2016-06-23T16:46:37", "url": "http://www.inaturalist.org/observations/3507285", "description": null, "place_guess": "Primorsko, BG-BR, BG", "scientific_name": "Bombus terrestris" }, "geometry": { "type": "Point", "coordinates": [ 27.745709, 42.283254 ] } },
{ "type": "Feature", "properties": { "id": 3507322, "time_observed_at": "2016-06-23T16:47:21", "url": "http://www.inaturalist.org/observations/3507322", "description": null, "place_guess": "Primorsko, BG-BR, BG", "scientific_name": "Bombus pascuorum" }, "geometry": { "type": "Point", "coordinates": [ 27.745725, 42.283246 ] } },
{ "type": "Feature", "properties": { "id": 4646175, "time_observed_at": "2016-06-13T10:04:26", "url": "http://www.inaturalist.org/observations/4646175", "description": null, "place_guess": "Primorsko, BG-BR, BG", "scientific_name": "Bombus terrestris" }, "geometry": { "type": "Point", "coordinates": [ 27.746497, 42.283675 ] } },
{ "type": "Feature", "properties": { "id": 5490178, "time_observed_at": "2017-03-28T10:18:00", "url": "https://www.inaturalist.org/observations/5490178", "description": "found dead", "place_guess": "Приморско, Болгария", "scientific_name": "Bombus terrestris" }, "geometry": { "type": "Point", "coordinates": [ 27.751979827900001, 42.282277916399998 ] } },
{ "type": "Feature", "properties": { "id": 5597970, "time_observed_at": "2017-04-06T08:30:00", "url": "https://www.inaturalist.org/observations/5597970", "description": null, "place_guess": "Приморско, Болгария", "scientific_name": "Bombus terrestris" }, "geometry": { "type": "Point", "coordinates": [ 27.760289311400001, 42.2913896381 ] } },
{ "type": "Feature", "properties": { "id": 10732177, "time_observed_at": "2018-04-09T06:12:00", "url": "https://www.inaturalist.org/observations/10732177", "description": null, "place_guess": "Primorsko, Bulgaria", "scientific_name": "Bombus argillaceus" }, "geometry": { "type": "Point", "coordinates": [ 27.751573168699998, 42.289583615300003 ] } },
{ "type": "Feature", "properties": { "id": 11445096, "time_observed_at": "2018-04-22T06:55:00", "url": "https://www.inaturalist.org/observations/11445096", "description": null, "place_guess": "Primorsko, Bulgaria", "scientific_name": "Bombus" }, "geometry": { "type": "Point", "coordinates": [ 27.7341291179, 42.297555068299999 ] } },
{ "type": "Feature", "properties": { "id": 15327660, "time_observed_at": "2018-08-11T08:21:30", "url": "https://www.inaturalist.org/observations/15327660", "description": null, "place_guess": "ulitsa Kapitan Petko, Rogosh, Plovdiv, BG", "scientific_name": "Bombus" }, "geometry": { "type": "Point", "coordinates": [ 24.8598416667, 42.182358333300002 ] } },
{ "type": "Feature", "properties": { "id": 17830352, "time_observed_at": "2018-07-12T09:42:53", "url": "https://www.inaturalist.org/observations/17830352", "description": null, "place_guess": "Vitosha municipality, Sofía, Sofía, BG", "scientific_name": "Bombus pascuorum" }, "geometry": { "type": "Point", "coordinates": [ 23.259014, 42.64306 ] } },
{ "type": "Feature", "properties": { "id": 18265797, "time_observed_at": "2018-07-14T13:50:12", "url": "https://www.inaturalist.org/observations/18265797", "description": null, "place_guess": "ulitsa Rozhdestvo Hristovo, Arbanasi, Veliko Turnovo, BG", "scientific_name": "Bombus" }, "geometry": { "type": "Point", "coordinates": [ 25.663577, 43.097885 ] } },
{ "type": "Feature", "properties": { "id": 18826494, "time_observed_at": "2018-07-21T10:31:33", "url": "https://www.inaturalist.org/observations/18826494", "description": null, "place_guess": "Velingrad, Velingrad, Pazardzhik, BG", "scientific_name": "Bombus pascuorum" }, "geometry": { "type": "Point", "coordinates": [ 23.83627, 42.053561 ] } },
{ "type": "Feature", "properties": { "id": 19032464, "time_observed_at": "2018-07-21T10:05:42", "url": "https://www.inaturalist.org/observations/19032464", "description": null, "place_guess": "84, Velingrad, Pazardzhik, BG", "scientific_name": "Psithyrus" }, "geometry": { "type": "Point", "coordinates": [ 23.836475, 42.053041 ] } },
{ "type": "Feature", "properties": { "id": 21045810, "time_observed_at": "2012-07-31T05:22:00", "url": "https://www.inaturalist.org/observations/21045810", "description": "9495/99 Time stamp -8 Hrs", "place_guess": "Trigrad, Bulgaria", "scientific_name": "Bombus lapidarius" }, "geometry": { "type": "Point", "coordinates": [ 24.3787, 41.6 ] } },
{ "type": "Feature", "properties": { "id": 21172108, "time_observed_at": "2019-03-11T09:49:00", "url": "https://www.inaturalist.org/observations/21172108", "description": null, "place_guess": "Old City Center, София, Bulgaria", "scientific_name": "Bombus" }, "geometry": { "type": "Point", "coordinates": [ 23.334543, 42.697093972200001 ] } },
{ "type": "Feature", "properties": { "id": 21220759, "time_observed_at": "2012-07-31T07:43:00", "url": "https://www.inaturalist.org/observations/21220759", "description": "9515/6 Time stamp -8 hrs", "place_guess": "Rhodope Mtns, Smolyan, Bulgaria", "scientific_name": "Bombus lucorum" }, "geometry": { "type": "Point", "coordinates": [ 24.5713, 41.6013 ] } },
{ "type": "Feature", "properties": { "id": 21275365, "time_observed_at": "2012-07-31T09:54:00", "url": "https://www.inaturalist.org/observations/21275365", "description": "9645/6  Time stamp -8 hrs", "place_guess": "Rhodope Mtns, Smolyan, Bulgaria", "scientific_name": "Bombus humilis" }, "geometry": { "type": "Point", "coordinates": [ 24.5713, 41.6013 ] } },
{ "type": "Feature", "properties": { "id": 21697868, "time_observed_at": "2019-03-28T13:26:07", "url": "https://www.inaturalist.org/observations/21697868", "description": null, "place_guess": "ул. 2-ра, 4169 Razhevo, Bulgaria", "scientific_name": "Bombus" }, "geometry": { "type": "Point", "coordinates": [ 24.803644180300001, 42.370994567899999 ] } },
{ "type": "Feature", "properties": { "id": 24434541, "time_observed_at": "2019-05-03T12:21:25", "url": "https://www.inaturalist.org/observations/24434541", "description": null, "place_guess": "1113, Sofia, Sofia, BG", "scientific_name": "Bombus lapidarius" }, "geometry": { "type": "Point", "coordinates": [ 23.341038333299998, 42.6704166667 ] } },
{ "type": "Feature", "properties": { "id": 27011338, "time_observed_at": "2019-06-12T14:17:00", "url": "https://www.inaturalist.org/observations/27011338", "description": null, "place_guess": "g.k. Mladost 4, Serdica, Bulgarije", "scientific_name": "Bombus niveatus" }, "geometry": { "type": "Point", "coordinates": [ 23.375020946399999, 42.624319654700003 ] } },
{ "type": "Feature", "properties": { "id": 27014114, "time_observed_at": "2019-06-12T14:17:00", "url": "https://www.inaturalist.org/observations/27014114", "description": null, "place_guess": "g.k. Mladost 4, Serdica, Bulgarije", "scientific_name": "Bombus niveatus" }, "geometry": { "type": "Point", "coordinates": [ 23.375260339899999, 42.624121195400001 ] } },
{ "type": "Feature", "properties": { "id": 27014702, "time_observed_at": "2019-06-12T15:26:00", "url": "https://www.inaturalist.org/observations/27014702", "description": null, "place_guess": "g.k. Mladost 4, Serdica, Bulgarije", "scientific_name": "Bombus niveatus" }, "geometry": { "type": "Point", "coordinates": [ 23.375149692499999, 42.624142030800002 ] } },
{ "type": "Feature", "properties": { "id": 28176243, "time_observed_at": "2019-07-04T10:23:39", "url": "https://www.inaturalist.org/observations/28176243", "description": null, "place_guess": "Stara Zagora, , Stara Zagora, BG", "scientific_name": "Bombus lapidarius" }, "geometry": { "type": "Point", "coordinates": [ 25.322277082, 42.746791621 ] } },
{ "type": "Feature", "properties": { "id": 28726699, "time_observed_at": "2019-07-13T08:53:00", "url": "https://www.inaturalist.org/observations/28726699", "description": null, "place_guess": "Veliko Tarnovo, Veliko Tarnovo, Bulgaria", "scientific_name": "Bombus terrestris" }, "geometry": { "type": "Point", "coordinates": [ 25.7477777778, 42.976111111100003 ] } },
{ "type": "Feature", "properties": { "id": 30995221, "time_observed_at": "2019-08-17T10:41:38", "url": "https://www.inaturalist.org/observations/30995221", "description": null, "place_guess": "Gorno Trape, Lovech, BG", "scientific_name": "Bombus" }, "geometry": { "type": "Point", "coordinates": [ 24.6392, 42.875145 ] } },
{ "type": "Feature", "properties": { "id": 35481438, "time_observed_at": "2019-11-07T11:25:00", "url": "https://www.inaturalist.org/observations/35481438", "description": null, "place_guess": "Tsentar, Bulgaria", "scientific_name": "Bombus terrestris" }, "geometry": { "type": "Point", "coordinates": [ 27.747525447099999, 42.275379082599997 ] } },
{ "type": "Feature", "properties": { "id": 41535154, "time_observed_at": "2018-06-30T11:13:00", "url": "https://www.inaturalist.org/observations/41535154", "description": null, "place_guess": "g.k. Lozenets, Sofia, Bulgaria", "scientific_name": "Bombus hypnorum" }, "geometry": { "type": "Point", "coordinates": [ 23.329660892500002, 42.673766971600003 ] } },
{ "type": "Feature", "properties": { "id": 41897612, "time_observed_at": "2020-04-11T12:13:59", "url": "https://www.inaturalist.org/observations/41897612", "description": null, "place_guess": "1616 София, България", "scientific_name": "Bombus" }, "geometry": { "type": "Point", "coordinates": [ 23.230703808400001, 42.641580887099998 ] } },
{ "type": "Feature", "properties": { "id": 46863691, "time_observed_at": "2020-05-22T16:54:41", "url": "https://www.inaturalist.org/observations/46863691", "description": null, "place_guess": "Unnamed Rd, Dolen, 2968 Dolen, ブルガリア", "scientific_name": "Bombus pascuorum" }, "geometry": { "type": "Point", "coordinates": [ 23.929125554900001, 41.625912998499999 ] } },
{ "type": "Feature", "properties": { "id": 47126056, "time_observed_at": "2020-05-23T12:10:00", "url": "https://www.inaturalist.org/observations/47126056", "description": null, "place_guess": "Южен, София, Болгария", "scientific_name": "Bombus pascuorum" }, "geometry": { "type": "Point", "coordinates": [ 23.3083026537, 42.669575302699997 ] } },
{ "type": "Feature", "properties": { "id": 47128303, "time_observed_at": "2018-07-13T15:30:00", "url": "https://www.inaturalist.org/observations/47128303", "description": null, "place_guess": "1415 кв. Драгалевци, София, Болгария", "scientific_name": "Bombus terrestris" }, "geometry": { "type": "Point", "coordinates": [ 23.318267, 42.622306 ] } },
{ "type": "Feature", "properties": { "id": 47149725, "time_observed_at": "2020-05-24T09:29:49", "url": "https://www.inaturalist.org/observations/47149725", "description": null, "place_guess": "1616 София, България", "scientific_name": "Psithyrus" }, "geometry": { "type": "Point", "coordinates": [ 23.2297939722, 42.641376 ] } },
{ "type": "Feature", "properties": { "id": 47446085, "time_observed_at": "2020-05-25T09:14:38", "url": "https://www.inaturalist.org/observations/47446085", "description": null, "place_guess": "Petrich, BG-BL, BG", "scientific_name": "Bombus" }, "geometry": { "type": "Point", "coordinates": [ 23.079294620100001, 41.344000012800002 ] } },
{ "type": "Feature", "properties": { "id": 48218132, "time_observed_at": "2020-06-02T10:23:29", "url": "https://www.inaturalist.org/observations/48218132", "description": null, "place_guess": "Блок 40, 1700 Studentski Kompleks, Sofia, Bulgaria", "scientific_name": "Bombus" }, "geometry": { "type": "Point", "coordinates": [ 23.34069668, 42.64897363 ] } },
{ "type": "Feature", "properties": { "id": 48218576, "time_observed_at": "2020-06-02T10:32:55", "url": "https://www.inaturalist.org/observations/48218576", "description": null, "place_guess": "Unnamed Road, 1700, 1700 Studentski Kompleks, Sofia, Bulgaria", "scientific_name": "Bombus terrestris" }, "geometry": { "type": "Point", "coordinates": [ 23.3407636, 42.6483304 ] } },
{ "type": "Feature", "properties": { "id": 48362028, "time_observed_at": "2020-06-02T16:02:28", "url": "https://www.inaturalist.org/observations/48362028", "description": null, "place_guess": "Vratsa, Vratsa, BG", "scientific_name": "Bombus" }, "geometry": { "type": "Point", "coordinates": [ 23.54056667, 43.19147167 ] } },
{ "type": "Feature", "properties": { "id": 48800832, "time_observed_at": "2020-06-03T07:45:00", "url": "https://www.inaturalist.org/observations/48800832", "description": null, "place_guess": "Южен, София, България", "scientific_name": "Bombus" }, "geometry": { "type": "Point", "coordinates": [ 23.304898661599999, 42.6690991404 ] } },
{ "type": "Feature", "properties": { "id": 49101258, "time_observed_at": "2020-06-06T09:31:54", "url": "https://www.inaturalist.org/observations/49101258", "description": null, "place_guess": "9828, България", "scientific_name": "Bombus" }, "geometry": { "type": "Point", "coordinates": [ 27.0205589722, 42.955033972199999 ] } },
{ "type": "Feature", "properties": { "id": 49556564, "time_observed_at": "2020-06-13T09:23:40", "url": "https://www.inaturalist.org/observations/49556564", "description": null, "place_guess": "Резиденция „Бояна“", "scientific_name": "Bombus" }, "geometry": { "type": "Point", "coordinates": [ 23.272405788299999, 42.653482102399998 ] } },
{ "type": "Feature", "properties": { "id": 49748148, "time_observed_at": "2020-06-14T08:25:28", "url": "https://www.inaturalist.org/observations/49748148", "description": null, "place_guess": null, "scientific_name": "Bombus" }, "geometry": { "type": "Point", "coordinates": [ 27.161410756599999, 44.149761273300001 ] } },
{ "type": "Feature", "properties": { "id": 49836526, "time_observed_at": "2020-06-15T10:26:40", "url": "https://www.inaturalist.org/observations/49836526", "description": null, "place_guess": "1164 София, България", "scientific_name": "Bombus terrestris" }, "geometry": { "type": "Point", "coordinates": [ 23.3410441875, 42.680287630300001 ] } },
{ "type": "Feature", "properties": { "id": 49848222, "time_observed_at": "2020-06-16T15:03:21", "url": "https://www.inaturalist.org/observations/49848222", "description": null, "place_guess": "5660 Vrabevo, Bulgaria", "scientific_name": "Bombus" }, "geometry": { "type": "Point", "coordinates": [ 24.811068065499999, 42.988613491199999 ] } },
{ "type": "Feature", "properties": { "id": 49922283, "time_observed_at": "2020-06-17T06:53:15", "url": "https://www.inaturalist.org/observations/49922283", "description": null, "place_guess": "4169 Razhevo, Bulgaria", "scientific_name": "Megabombus" }, "geometry": { "type": "Point", "coordinates": [ 24.803605833300001, 42.371091666700003 ] } },
{ "type": "Feature", "properties": { "id": 50308028, "time_observed_at": "2020-06-20T11:26:23", "url": "https://www.inaturalist.org/observations/50308028", "description": null, "place_guess": "6343, България", "scientific_name": "Bombus pascuorum" }, "geometry": { "type": "Point", "coordinates": [ 25.344919189799999, 41.934124499500001 ] } },
{ "type": "Feature", "properties": { "id": 50468055, "time_observed_at": "2020-06-05T12:39:00", "url": "https://www.inaturalist.org/observations/50468055", "description": null, "place_guess": "Южен, София, България", "scientific_name": "Bombus" }, "geometry": { "type": "Point", "coordinates": [ 23.3082311, 42.6693279 ] } },
{ "type": "Feature", "properties": { "id": 50540337, "time_observed_at": "2020-06-22T11:58:53", "url": "https://www.inaturalist.org/observations/50540337", "description": null, "place_guess": "1830 Бухово, България", "scientific_name": "Bombus" }, "geometry": { "type": "Point", "coordinates": [ 23.5667825863, 42.768543670200003 ] } },
{ "type": "Feature", "properties": { "id": 50769367, "time_observed_at": "2020-06-24T12:41:00", "url": "https://www.inaturalist.org/observations/50769367", "description": null, "place_guess": "g.k. Mladost 2, Serdica, Bulgaria", "scientific_name": "Bombus terrestris" }, "geometry": { "type": "Point", "coordinates": [ 23.365069602, 42.646335589400003 ] } },
{ "type": "Feature", "properties": { "id": 50862945, "time_observed_at": null, "url": "https://www.inaturalist.org/observations/50862945", "description": null, "place_guess": "Pasarel Dam, Bulgaria", "scientific_name": "Bombus terrestris" }, "geometry": { "type": "Point", "coordinates": [ 23.4796634, 42.5532346 ] } },
{ "type": "Feature", "properties": { "id": 50871075, "time_observed_at": "2020-06-25T11:05:41", "url": "https://www.inaturalist.org/observations/50871075", "description": null, "place_guess": "4169 Razhevo, Bulgaria", "scientific_name": "Bombus" }, "geometry": { "type": "Point", "coordinates": [ 24.803518888900001, 42.371071111100001 ] } },
{ "type": "Feature", "properties": { "id": 51247165, "time_observed_at": null, "url": "https://www.inaturalist.org/observations/51247165", "description": null, "place_guess": "Чипровци, България", "scientific_name": "Bombus" }, "geometry": { "type": "Point", "coordinates": [ 22.948444125799998, 43.433229255299999 ] } },
{ "type": "Feature", "properties": { "id": 51247198, "time_observed_at": null, "url": "https://www.inaturalist.org/observations/51247198", "description": null, "place_guess": "Митровци, България", "scientific_name": "Bombus" }, "geometry": { "type": "Point", "coordinates": [ 22.929904742600002, 43.436012998700001 ] } },
{ "type": "Feature", "properties": { "id": 51277811, "time_observed_at": null, "url": "https://www.inaturalist.org/observations/51277811", "description": null, "place_guess": "Grad Sofiya, BG-SG-ST, BG", "scientific_name": "Bombus" }, "geometry": { "type": "Point", "coordinates": [ 23.308816, 42.667179 ] } },
{ "type": "Feature", "properties": { "id": 51378047, "time_observed_at": "2020-06-26T15:12:07", "url": "https://www.inaturalist.org/observations/51378047", "description": null, "place_guess": "4800 Девин, България", "scientific_name": "Bombus" }, "geometry": { "type": "Point", "coordinates": [ 24.393534623099999, 41.742145969100001 ] } },
{ "type": "Feature", "properties": { "id": 51669207, "time_observed_at": "2020-07-01T11:07:08", "url": "https://www.inaturalist.org/observations/51669207", "description": null, "place_guess": "Studentski Kompleks, Sofia, Bulgaria", "scientific_name": "Bombus" }, "geometry": { "type": "Point", "coordinates": [ 23.3401317, 42.6481605 ] } },
{ "type": "Feature", "properties": { "id": 51734668, "time_observed_at": null, "url": "https://www.inaturalist.org/observations/51734668", "description": null, "place_guess": "Южен, София, България", "scientific_name": "Bombus pascuorum" }, "geometry": { "type": "Point", "coordinates": [ 23.305456303100001, 42.662545617200003 ] } },
{ "type": "Feature", "properties": { "id": 51783092, "time_observed_at": "2020-07-03T11:30:57", "url": "https://www.inaturalist.org/observations/51783092", "description": null, "place_guess": "кв. Манастирски ливади, София, България", "scientific_name": "Bombus" }, "geometry": { "type": "Point", "coordinates": [ 23.28192133, 42.66692759 ] } },
{ "type": "Feature", "properties": { "id": 51880811, "time_observed_at": "2020-07-04T07:41:35", "url": "https://www.inaturalist.org/observations/51880811", "description": null, "place_guess": "vz Izgrev, Sliven, BG", "scientific_name": "Bombus" }, "geometry": { "type": "Point", "coordinates": [ 26.372355, 42.69098667 ] } },
{ "type": "Feature", "properties": { "id": 52355996, "time_observed_at": "2020-05-19T06:50:33", "url": "https://www.inaturalist.org/observations/52355996", "description": null, "place_guess": "Botevgrad, Sofia, BG", "scientific_name": "Bombus lucorum" }, "geometry": { "type": "Point", "coordinates": [ 23.790719090500001, 42.886042327 ] } },
{ "type": "Feature", "properties": { "id": 52809824, "time_observed_at": "2020-07-07T15:22:00", "url": "https://www.inaturalist.org/observations/52809824", "description": null, "place_guess": "Ловеч, България", "scientific_name": "Bombus" }, "geometry": { "type": "Point", "coordinates": [ 24.880928557699999, 43.130947561 ] } },
{ "type": "Feature", "properties": { "id": 53244058, "time_observed_at": "2020-07-09T11:18:29", "url": "https://www.inaturalist.org/observations/53244058", "description": null, "place_guess": "ulitsa Sofroniy Vrachanski, Pleven, Pleven, BG", "scientific_name": "Bombus lapidarius" }, "geometry": { "type": "Point", "coordinates": [ 24.617195877299999, 43.414088308399997 ] } },
{ "type": "Feature", "properties": { "id": 53275231, "time_observed_at": "2020-07-15T11:27:20", "url": "https://www.inaturalist.org/observations/53275231", "description": null, "place_guess": "1415 Dragalevtsi lifta, Serdica, Bulgaria", "scientific_name": "Bombus lapidarius" }, "geometry": { "type": "Point", "coordinates": [ 23.307380555600002, 42.6244 ] } },
{ "type": "Feature", "properties": { "id": 53346979, "time_observed_at": "2020-07-17T09:46:19", "url": "https://www.inaturalist.org/observations/53346979", "description": null, "place_guess": "bulevard Asen Yordanov, Sofia, Sofia, BG", "scientific_name": "Bombus" }, "geometry": { "type": "Point", "coordinates": [ 23.36938667, 42.67048667 ] } },
{ "type": "Feature", "properties": { "id": 53443332, "time_observed_at": null, "url": "https://www.inaturalist.org/observations/53443332", "description": null, "place_guess": "Столична, България", "scientific_name": "Bombus terrestris" }, "geometry": { "type": "Point", "coordinates": [ 23.2625318099, 42.848806438099999 ] } },
{ "type": "Feature", "properties": { "id": 53786220, "time_observed_at": "2020-07-19T11:03:20", "url": "https://www.inaturalist.org/observations/53786220", "description": null, "place_guess": "4370, Bulgaria", "scientific_name": "Pyrobombus" }, "geometry": { "type": "Point", "coordinates": [ 24.9110490829, 42.710437084100001 ] } },
{ "type": "Feature", "properties": { "id": 53837290, "time_observed_at": "2020-06-28T13:22:29", "url": "https://www.inaturalist.org/observations/53837290", "description": null, "place_guess": "Lukovo", "scientific_name": "Bombus" }, "geometry": { "type": "Point", "coordinates": [ 23.386625982799998, 42.87984309 ] } },
{ "type": "Feature", "properties": { "id": 53927360, "time_observed_at": "2020-07-22T08:31:20", "url": "https://www.inaturalist.org/observations/53927360", "description": null, "place_guess": "Sofia", "scientific_name": "Bombus" }, "geometry": { "type": "Point", "coordinates": [ 23.26248333, 42.67663667 ] } },
{ "type": "Feature", "properties": { "id": 54253950, "time_observed_at": null, "url": "https://www.inaturalist.org/observations/54253950", "description": null, "place_guess": "ж.к. Дианабад, София, България", "scientific_name": "Bombus terrestris" }, "geometry": { "type": "Point", "coordinates": [ 23.345859849099998, 42.6622756549 ] } },
{ "type": "Feature", "properties": { "id": 54253952, "time_observed_at": null, "url": "https://www.inaturalist.org/observations/54253952", "description": null, "place_guess": "ж.к. Дианабад, София, България", "scientific_name": "Bombus" }, "geometry": { "type": "Point", "coordinates": [ 23.346117341199999, 42.663238174599996 ] } },
{ "type": "Feature", "properties": { "id": 54363631, "time_observed_at": "2020-07-26T05:49:30", "url": "https://www.inaturalist.org/observations/54363631", "description": null, "place_guess": "9137 Здравец, България", "scientific_name": "Bombus" }, "geometry": { "type": "Point", "coordinates": [ 27.740457728500001, 43.120747205800001 ] } },
{ "type": "Feature", "properties": { "id": 54416369, "time_observed_at": "2020-07-24T16:42:00", "url": "https://www.inaturalist.org/observations/54416369", "description": null, "place_guess": "g.k. Yavorov, Sofia, Bulgaria", "scientific_name": "Bombus" }, "geometry": { "type": "Point", "coordinates": [ 23.340902807500001, 42.690798845 ] } },
{ "type": "Feature", "properties": { "id": 54722432, "time_observed_at": "2020-07-29T11:36:40", "url": "https://www.inaturalist.org/observations/54722432", "description": null, "place_guess": "1517 g.k. Suhata reka, Sofia, Bulgaria", "scientific_name": "Bombus hypnorum" }, "geometry": { "type": "Point", "coordinates": [ 23.3721749, 42.6990591 ] } },
{ "type": "Feature", "properties": { "id": 54722642, "time_observed_at": "2020-07-29T11:39:52", "url": "https://www.inaturalist.org/observations/54722642", "description": null, "place_guess": "1517 g.k. Suhata reka, Sofia, Bulgaria", "scientific_name": "Bombus" }, "geometry": { "type": "Point", "coordinates": [ 23.372145, 42.699079 ] } },
{ "type": "Feature", "properties": { "id": 54724019, "time_observed_at": "2020-07-28T09:36:00", "url": "https://www.inaturalist.org/observations/54724019", "description": null, "place_guess": "1343 ж.к. Люлин 2, София, България", "scientific_name": "Bombus terrestris" }, "geometry": { "type": "Point", "coordinates": [ 23.254420317200001, 42.722233672100003 ] } },
{ "type": "Feature", "properties": { "id": 54729851, "time_observed_at": null, "url": "https://www.inaturalist.org/observations/54729851", "description": null, "place_guess": "Grad Sofiya, BG-SG-ST, BG", "scientific_name": "Bombus" }, "geometry": { "type": "Point", "coordinates": [ 23.219812493500001, 42.7167968567 ] } },
{ "type": "Feature", "properties": { "id": 54867184, "time_observed_at": null, "url": "https://www.inaturalist.org/observations/54867184", "description": null, "place_guess": "Витоша", "scientific_name": "Bombus campestris" }, "geometry": { "type": "Point", "coordinates": [ 23.249999955300002, 42.550000106200002 ] } },
{ "type": "Feature", "properties": { "id": 54956337, "time_observed_at": null, "url": "https://www.inaturalist.org/observations/54956337", "description": null, "place_guess": "2223 Rakita, Bulgaria", "scientific_name": "Bombus" }, "geometry": { "type": "Point", "coordinates": [ 22.9356876708, 42.787131183299998 ] } },
{ "type": "Feature", "properties": { "id": 56043490, "time_observed_at": "2020-08-09T13:39:45", "url": "https://www.inaturalist.org/observations/56043490", "description": null, "place_guess": "ulitsa Tsvetan Peshev, Lokorsko, Sofia, BG", "scientific_name": "Bombus lapidarius" }, "geometry": { "type": "Point", "coordinates": [ 23.4439624778, 42.794760316900003 ] } },
{ "type": "Feature", "properties": { "id": 56422177, "time_observed_at": "2020-08-14T15:25:52", "url": "https://www.inaturalist.org/observations/56422177", "description": null, "place_guess": "Rudozem", "scientific_name": "Bombus" }, "geometry": { "type": "Point", "coordinates": [ 24.8423881, 41.4929391 ] } },
{ "type": "Feature", "properties": { "id": 57102592, "time_observed_at": "2020-08-21T07:30:34", "url": "https://www.inaturalist.org/observations/57102592", "description": null, "place_guess": "Rudozem", "scientific_name": "Bombus lapidarius" }, "geometry": { "type": "Point", "coordinates": [ 24.8423947, 41.4929674 ] } },
{ "type": "Feature", "properties": { "id": 57103535, "time_observed_at": "2020-08-21T08:03:36", "url": "https://www.inaturalist.org/observations/57103535", "description": null, "place_guess": "Rudozem", "scientific_name": "Bombus lapidarius" }, "geometry": { "type": "Point", "coordinates": [ 24.8423947, 41.4929674 ] } },
{ "type": "Feature", "properties": { "id": 57105802, "time_observed_at": "2020-08-21T08:16:46", "url": "https://www.inaturalist.org/observations/57105802", "description": null, "place_guess": "Elhovets", "scientific_name": "Bombus pascuorum" }, "geometry": { "type": "Point", "coordinates": [ 24.8064861298, 41.450828552200001 ] } },
{ "type": "Feature", "properties": { "id": 58130004, "time_observed_at": "2020-08-30T11:41:00", "url": "https://www.inaturalist.org/observations/58130004", "description": "Bee ID.", "place_guess": "Samokov, Sofia, Bulgaria", "scientific_name": "Bombus pascuorum" }, "geometry": { "type": "Point", "coordinates": [ 23.613647222200001, 42.24295 ] } },
{ "type": "Feature", "properties": { "id": 58829723, "time_observed_at": "2020-09-07T13:11:45", "url": "https://www.inaturalist.org/observations/58829723", "description": null, "place_guess": "1475 с. Железница, България", "scientific_name": "Bombus lapidarius" }, "geometry": { "type": "Point", "coordinates": [ 23.35016884, 42.53694845 ] } },
{ "type": "Feature", "properties": { "id": 58830020, "time_observed_at": "2020-09-07T13:15:52", "url": "https://www.inaturalist.org/observations/58830020", "description": null, "place_guess": "1475 с. Железница, България", "scientific_name": "Bombus" }, "geometry": { "type": "Point", "coordinates": [ 23.34998685, 42.53711987 ] } },
{ "type": "Feature", "properties": { "id": 59899547, "time_observed_at": null, "url": "https://www.inaturalist.org/observations/59899547", "description": null, "place_guess": "Столична, България", "scientific_name": "Bombus" }, "geometry": { "type": "Point", "coordinates": [ 23.228928902, 42.606726194 ] } },
{ "type": "Feature", "properties": { "id": 59899747, "time_observed_at": null, "url": "https://www.inaturalist.org/observations/59899747", "description": null, "place_guess": "Столична, България", "scientific_name": "Bombus" }, "geometry": { "type": "Point", "coordinates": [ 23.228938716799998, 42.606866757699997 ] } },
{ "type": "Feature", "properties": { "id": 60091897, "time_observed_at": "2020-09-19T10:10:57", "url": "https://www.inaturalist.org/observations/60091897", "description": null, "place_guess": "1641 Владая, България", "scientific_name": "Bombus" }, "geometry": { "type": "Point", "coordinates": [ 23.2334511, 42.6150704 ] } },
{ "type": "Feature", "properties": { "id": 60227395, "time_observed_at": "2020-09-19T12:54:00", "url": "https://www.inaturalist.org/observations/60227395", "description": null, "place_guess": "vitosha", "scientific_name": "Bombus pascuorum" }, "geometry": { "type": "Point", "coordinates": [ 23.228508301200002, 42.6067188277 ] } },
{ "type": "Feature", "properties": { "id": 61558708, "time_observed_at": "2020-10-03T11:00:06", "url": "https://www.inaturalist.org/observations/61558708", "description": null, "place_guess": "ulitsa Rodopi, Vetren, Silistra, BG", "scientific_name": "Bombus" }, "geometry": { "type": "Point", "coordinates": [ 27.0365931955, 44.132377475600002 ] } },
{ "type": "Feature", "properties": { "id": 62291882, "time_observed_at": "2018-08-04T09:27:12", "url": "https://www.inaturalist.org/observations/62291882", "description": null, "place_guess": "4370, България", "scientific_name": "Bombus terrestris" }, "geometry": { "type": "Point", "coordinates": [ 24.924919791499999, 42.7009483772 ] } },
{ "type": "Feature", "properties": { "id": 62399467, "time_observed_at": "2020-10-11T12:50:00", "url": "https://www.inaturalist.org/observations/62399467", "description": "Bee ID.", "place_guess": "Petrich, Bulgaria", "scientific_name": "Bombus pascuorum" }, "geometry": { "type": "Point", "coordinates": [ 23.181036111099999, 41.338302777800003 ] } },
{ "type": "Feature", "properties": { "id": 63621207, "time_observed_at": "2020-10-25T06:34:00", "url": "https://www.inaturalist.org/observations/63621207", "description": null, "place_guess": "Tsentar, Bulgaria", "scientific_name": "Bombus" }, "geometry": { "type": "Point", "coordinates": [ 27.7473339722, 42.2753939722 ] } },
{ "type": "Feature", "properties": { "id": 63705384, "time_observed_at": "2020-10-28T07:52:00", "url": "https://www.inaturalist.org/observations/63705384", "description": null, "place_guess": "Tsentar, Bulgaria", "scientific_name": "Bombus" }, "geometry": { "type": "Point", "coordinates": [ 27.747294, 42.2752839722 ] } },
{ "type": "Feature", "properties": { "id": 65172386, "time_observed_at": "2020-10-24T12:00:47", "url": "https://www.inaturalist.org/observations/65172386", "description": null, "place_guess": "German, Sofia, Sofia, BG", "scientific_name": "Bombus" }, "geometry": { "type": "Point", "coordinates": [ 23.386577054100002, 42.611636782700003 ] } },
{ "type": "Feature", "properties": { "id": 65318485, "time_observed_at": "2020-10-22T12:07:00", "url": "https://www.inaturalist.org/observations/65318485", "description": null, "place_guess": "German, Sofia, Sofia, BG", "scientific_name": "Bombus sylvarum" }, "geometry": { "type": "Point", "coordinates": [ 23.3863295347, 42.611760624600002 ] } },
{ "type": "Feature", "properties": { "id": 65340263, "time_observed_at": "2020-10-20T13:56:00", "url": "https://www.inaturalist.org/observations/65340263", "description": "Sylvarum / shrill-carder?", "place_guess": "German, Sofia, Sofia, BG", "scientific_name": "Bombus sylvarum" }, "geometry": { "type": "Point", "coordinates": [ 23.386338672699999, 42.611982743399999 ] } },
{ "type": "Feature", "properties": { "id": 65576209, "time_observed_at": "2020-10-12T09:03:00", "url": "https://www.inaturalist.org/observations/65576209", "description": "Possibly a digger bee? iNat insists not", "place_guess": "German, Sofia, Sofia, BG", "scientific_name": "Bombus sylvarum" }, "geometry": { "type": "Point", "coordinates": [ 23.386563413, 42.611748771499997 ] } },
{ "type": "Feature", "properties": { "id": 67669059, "time_observed_at": "2006-08-12T08:42:00", "url": "https://www.inaturalist.org/observations/67669059", "description": null, "place_guess": "Smolyan, Bulgarien", "scientific_name": "Bombus" }, "geometry": { "type": "Point", "coordinates": [ 24.7324163848, 41.668313377399997 ] } },
{ "type": "Feature", "properties": { "id": 71286519, "time_observed_at": "2021-03-15T05:04:39", "url": "https://www.inaturalist.org/observations/71286519", "description": null, "place_guess": "МОЛ Галерия, 6008 Загорка, Стара Загора, Болгария", "scientific_name": "Bombus" }, "geometry": { "type": "Point", "coordinates": [ 25.633519850700001, 42.439403736700001 ] } },
{ "type": "Feature", "properties": { "id": 72773614, "time_observed_at": "2021-04-03T10:12:00", "url": "https://www.inaturalist.org/observations/72773614", "description": null, "place_guess": "Sofia, Sofia, BG", "scientific_name": "Bombus haematurus" }, "geometry": { "type": "Point", "coordinates": [ 23.385244743400001, 42.610612337799999 ] } },
{ "type": "Feature", "properties": { "id": 72773746, "time_observed_at": "2021-04-03T10:35:00", "url": "https://www.inaturalist.org/observations/72773746", "description": null, "place_guess": "German, Sofia, Sofia, BG", "scientific_name": "Bombus" }, "geometry": { "type": "Point", "coordinates": [ 23.386188558899999, 42.611534731500001 ] } },
{ "type": "Feature", "properties": { "id": 78676290, "time_observed_at": "2021-04-15T10:02:00", "url": "https://www.inaturalist.org/observations/78676290", "description": null, "place_guess": "7587, Bulgarien", "scientific_name": "Bombus pascuorum" }, "geometry": { "type": "Point", "coordinates": [ 27.061477974100001, 44.1041369987 ] } },
{ "type": "Feature", "properties": { "id": 79908390, "time_observed_at": "2021-05-23T06:57:25", "url": "https://www.inaturalist.org/observations/79908390", "description": null, "place_guess": "Tryavna, Gabrovo, BG", "scientific_name": "Bombus haematurus" }, "geometry": { "type": "Point", "coordinates": [ 25.60788, 42.85518667 ] } },
{ "type": "Feature", "properties": { "id": 80853896, "time_observed_at": "2021-05-30T09:40:54", "url": "https://www.inaturalist.org/observations/80853896", "description": null, "place_guess": "552, Belitsa, Gabrovo, BG", "scientific_name": "Bombus haematurus" }, "geometry": { "type": "Point", "coordinates": [ 25.57963, 42.852005 ] } },
{ "type": "Feature", "properties": { "id": 81290867, "time_observed_at": "2021-06-02T06:47:21", "url": "https://www.inaturalist.org/observations/81290867", "description": null, "place_guess": "552, Belitsa, Gabrovo, BG", "scientific_name": "Bombus haematurus" }, "geometry": { "type": "Point", "coordinates": [ 25.58022167, 42.85207833 ] } },
{ "type": "Feature", "properties": { "id": 83361142, "time_observed_at": "2021-06-03T16:02:00", "url": "https://www.inaturalist.org/observations/83361142", "description": null, "place_guess": "Sofia, Bulgaria", "scientific_name": "Bombus hypnorum" }, "geometry": { "type": "Point", "coordinates": [ 23.410274606200002, 42.5674135987 ] } },
{ "type": "Feature", "properties": { "id": 83523488, "time_observed_at": "2021-05-30T07:26:00", "url": "https://www.inaturalist.org/observations/83523488", "description": null, "place_guess": "Sv. Sv. Konstantin I Elena, Varna, Bulgarien", "scientific_name": "Bombus argillaceus" }, "geometry": { "type": "Point", "coordinates": [ 28.0120231653, 43.230676467800002 ] } },
{ "type": "Feature", "properties": { "id": 83641905, "time_observed_at": "2021-06-19T13:40:03", "url": "https://www.inaturalist.org/observations/83641905", "description": null, "place_guess": "Храм „Свети Георги“", "scientific_name": "Bombus terrestris" }, "geometry": { "type": "Point", "coordinates": [ 26.310625076299999, 42.692379380600002 ] } },
{ "type": "Feature", "properties": { "id": 84303815, "time_observed_at": "2021-06-24T10:34:11", "url": "https://www.inaturalist.org/observations/84303815", "description": null, "place_guess": "Burgas Center, Burgas, Bulgaria", "scientific_name": "Bombus terrestris" }, "geometry": { "type": "Point", "coordinates": [ 27.472803111099999, 42.49837875 ] } },
{ "type": "Feature", "properties": { "id": 84594949, "time_observed_at": "2021-06-26T13:03:23", "url": "https://www.inaturalist.org/observations/84594949", "description": null, "place_guess": "2344, Bulgaria", "scientific_name": "Bombus" }, "geometry": { "type": "Point", "coordinates": [ 23.193313144099999, 42.553721943699998 ] } },
{ "type": "Feature", "properties": { "id": 86287467, "time_observed_at": "2021-07-09T15:40:21", "url": "https://www.inaturalist.org/observations/86287467", "description": null, "place_guess": "block of flats 71, 8008 g.k. Izgrev, Burgas, Bulgaria", "scientific_name": "Bombus" }, "geometry": { "type": "Point", "coordinates": [ 27.457918524699998, 42.5231006474 ] } },
{ "type": "Feature", "properties": { "id": 87128452, "time_observed_at": "2021-07-15T11:57:27", "url": "https://www.inaturalist.org/observations/87128452", "description": null, "place_guess": "Иглика, Kladnitsa, Pernik, BG", "scientific_name": "Bombus pascuorum" }, "geometry": { "type": "Point", "coordinates": [ 23.18603755, 42.5578713 ] } },
{ "type": "Feature", "properties": { "id": 88582065, "time_observed_at": "2021-07-24T08:33:00", "url": "https://www.inaturalist.org/observations/88582065", "description": null, "place_guess": "Южен, София, България", "scientific_name": "Bombus" }, "geometry": { "type": "Point", "coordinates": [ 23.303872267399999, 42.659361289 ] } },
{ "type": "Feature", "properties": { "id": 89599780, "time_observed_at": "2021-08-01T16:44:39", "url": "https://www.inaturalist.org/observations/89599780", "description": null, "place_guess": "Мартен", "scientific_name": "Bombus" }, "geometry": { "type": "Point", "coordinates": [ 26.074280552600001, 43.904680260200003 ] } },
{ "type": "Feature", "properties": { "id": 89994143, "time_observed_at": "2018-06-30T04:16:00", "url": "https://www.inaturalist.org/observations/89994143", "description": null, "place_guess": "Панагюрище, България", "scientific_name": "Bombus" }, "geometry": { "type": "Point", "coordinates": [ 24.174458811800001, 42.515849721 ] } },
{ "type": "Feature", "properties": { "id": 90069513, "time_observed_at": "2021-08-05T15:37:04", "url": "https://www.inaturalist.org/observations/90069513", "description": null, "place_guess": "Tryavna, Gabrovo, BG", "scientific_name": "Bombus" }, "geometry": { "type": "Point", "coordinates": [ 25.579753333300001, 42.847878333300002 ] } },
{ "type": "Feature", "properties": { "id": 91231012, "time_observed_at": "2021-08-15T06:59:00", "url": "https://www.inaturalist.org/observations/91231012", "description": null, "place_guess": "Velingrad, Bulgaria", "scientific_name": "Bombus" }, "geometry": { "type": "Point", "coordinates": [ 23.983263055599998, 41.999509722200003 ] } },
{ "type": "Feature", "properties": { "id": 92840472, "time_observed_at": "2019-06-23T07:58:00", "url": "https://www.inaturalist.org/observations/92840472", "description": null, "place_guess": "Kurortna zona Dvoretsa 1, 9600 Dvoretsa, Balchik, Bulgaria", "scientific_name": "Bombus argillaceus" }, "geometry": { "type": "Point", "coordinates": [ 28.1456814, 43.4031258 ] } },
{ "type": "Feature", "properties": { "id": 94955059, "time_observed_at": "2021-08-14T14:46:00", "url": "https://www.inaturalist.org/observations/94955059", "description": null, "place_guess": "Sliven municipality, Bulgarien", "scientific_name": "Bombus" }, "geometry": { "type": "Point", "coordinates": [ 26.369189223799999, 42.7171479314 ] } },
{ "type": "Feature", "properties": { "id": 95883064, "time_observed_at": "2020-04-20T05:52:00", "url": "https://www.inaturalist.org/observations/95883064", "description": null, "place_guess": "g.k. Lozenets, Sofia, Bulgaria 2", "scientific_name": "Bombus" }, "geometry": { "type": "Point", "coordinates": [ 23.316557701499999, 42.671273416 ] } },
{ "type": "Feature", "properties": { "id": 96470520, "time_observed_at": "2015-07-29T09:25:00", "url": "https://www.inaturalist.org/observations/96470520", "description": null, "place_guess": "Kostenetz, Bulgarien", "scientific_name": "Bombus hortorum" }, "geometry": { "type": "Point", "coordinates": [ 23.802174242, 42.247059982 ] } },
{ "type": "Feature", "properties": { "id": 97146318, "time_observed_at": "2021-10-04T13:47:05", "url": "https://www.inaturalist.org/observations/97146318", "description": null, "place_guess": "Dupnitsa, Küstendil, BG", "scientific_name": "Bombus" }, "geometry": { "type": "Point", "coordinates": [ 23.1619271, 42.2921037 ] } },
{ "type": "Feature", "properties": { "id": 104878998, "time_observed_at": null, "url": "https://www.inaturalist.org/observations/104878998", "description": null, "place_guess": "6500, Bulgarien", "scientific_name": "Bombus argillaceus" }, "geometry": { "type": "Point", "coordinates": [ 26.202592402699999, 41.757944748900002 ] } },
{ "type": "Feature", "properties": { "id": 109785461, "time_observed_at": "2022-03-28T13:36:00", "url": "https://www.inaturalist.org/observations/109785461", "description": "Visiting this [*Pulmonaria officinalis*](https://www.inaturalist.org/observations/109785169)", "place_guess": "Botevgrad Municipality, Bulgaria", "scientific_name": "Bombus haematurus" }, "geometry": { "type": "Point", "coordinates": [ 23.811502549899998, 42.8901873 ] } },
{ "type": "Feature", "properties": { "id": 109788789, "time_observed_at": "2022-03-28T14:21:00", "url": "https://www.inaturalist.org/observations/109788789", "description": null, "place_guess": "Botevgrad Municipality, Bulgaria", "scientific_name": "Bombus" }, "geometry": { "type": "Point", "coordinates": [ 23.81267703, 42.8883877 ] } },
{ "type": "Feature", "properties": { "id": 110077615, "time_observed_at": "2022-03-31T21:41:00", "url": "https://www.inaturalist.org/observations/110077615", "description": null, "place_guess": "Veliko Tarnovo, Bulgaria", "scientific_name": "Bombus hypnorum" }, "geometry": { "type": "Point", "coordinates": [ 25.6171514, 43.0756739 ] } },
{ "type": "Feature", "properties": { "id": 110116447, "time_observed_at": "2022-04-01T12:59:00", "url": "https://www.inaturalist.org/observations/110116447", "description": "On [this *Lonicera sp.*](https://www.inaturalist.org/observations/110116440)", "place_guess": "2140 Tsentar, Botevgrad, Bulgaria", "scientific_name": "Bombus haematurus" }, "geometry": { "type": "Point", "coordinates": [ 23.7925398, 42.8987950299 ] } },
{ "type": "Feature", "properties": { "id": 110116448, "time_observed_at": "2022-04-01T13:02:00", "url": "https://www.inaturalist.org/observations/110116448", "description": "On [this *Lonicera sp.*](https://www.inaturalist.org/observations/110116440)", "place_guess": "Botevgrad, Bulgaria", "scientific_name": "Bombus" }, "geometry": { "type": "Point", "coordinates": [ 23.79253716, 42.898758300099999 ] } },
{ "type": "Feature", "properties": { "id": 110386575, "time_observed_at": "2022-04-04T11:12:00", "url": "https://www.inaturalist.org/observations/110386575", "description": null, "place_guess": "Zapad, Veliko Tarnovo, Bulgaria", "scientific_name": "Bombus terrestris" }, "geometry": { "type": "Point", "coordinates": [ 25.580718424699999, 43.081065628600001 ] } },
{ "type": "Feature", "properties": { "id": 110414606, "time_observed_at": "2022-04-04T15:18:58", "url": "https://www.inaturalist.org/observations/110414606", "description": "Common in area", "place_guess": "8008 Burgas, Bulgarien", "scientific_name": "Bombus terrestris" }, "geometry": { "type": "Point", "coordinates": [ 27.474847222200001, 42.555452777799999 ] } },
{ "type": "Feature", "properties": { "id": 110506086, "time_observed_at": "2022-04-05T13:39:00", "url": "https://www.inaturalist.org/observations/110506086", "description": "Searching for a nesting site.", "place_guess": "Botevgrad Municipality, Bulgaria", "scientific_name": "Bombus" }, "geometry": { "type": "Point", "coordinates": [ 23.81186818, 42.894649539900001 ] } },
{ "type": "Feature", "properties": { "id": 110506088, "time_observed_at": "2022-04-05T14:24:00", "url": "https://www.inaturalist.org/observations/110506088", "description": null, "place_guess": "Botevgrad Municipality, Bulgaria", "scientific_name": "Bombus" }, "geometry": { "type": "Point", "coordinates": [ 23.8147312, 42.89286844 ] } },
{ "type": "Feature", "properties": { "id": 110755067, "time_observed_at": "2022-04-08T10:32:40", "url": "https://www.inaturalist.org/observations/110755067", "description": "Seen in garden", "place_guess": "Bulgaria", "scientific_name": "Bombus argillaceus" }, "geometry": { "type": "Point", "coordinates": [ 25.073458353199999, 43.303674151800003 ] } },
{ "type": "Feature", "properties": { "id": 111065025, "time_observed_at": "2022-04-10T05:03:01", "url": "https://www.inaturalist.org/observations/111065025", "description": null, "place_guess": "Rayon Zapaden, Veliko Tarnovo, Bulgaria", "scientific_name": "Bombus" }, "geometry": { "type": "Point", "coordinates": [ 25.625112466499999, 43.072779593699998 ] } },
{ "type": "Feature", "properties": { "id": 111186741, "time_observed_at": "2022-04-12T09:52:00", "url": "https://www.inaturalist.org/observations/111186741", "description": null, "place_guess": "Zapad, Veliko Tarnovo, Bulgaria", "scientific_name": "Bombus terrestris" }, "geometry": { "type": "Point", "coordinates": [ 25.586909720200001, 43.080928574200001 ] } },
{ "type": "Feature", "properties": { "id": 111465698, "time_observed_at": "2022-04-14T13:48:00", "url": "https://www.inaturalist.org/observations/111465698", "description": null, "place_guess": "Botevgrad Municipality, Bulgaria", "scientific_name": "Bombus" }, "geometry": { "type": "Point", "coordinates": [ 23.79115545, 42.892959669900002 ] } },
{ "type": "Feature", "properties": { "id": 111465701, "time_observed_at": "2022-04-14T14:23:00", "url": "https://www.inaturalist.org/observations/111465701", "description": null, "place_guess": "Botevgrad, Bulgaria", "scientific_name": "Bombus ruderarius" }, "geometry": { "type": "Point", "coordinates": [ 23.79283845, 42.891188589899997 ] } },
{ "type": "Feature", "properties": { "id": 111502199, "time_observed_at": null, "url": "https://www.inaturalist.org/observations/111502199", "description": null, "place_guess": "Благоевград", "scientific_name": "Bombus haematurus" }, "geometry": { "type": "Point", "coordinates": [ 23.0943382904, 42.020902972400002 ] } },
{ "type": "Feature", "properties": { "id": 111502480, "time_observed_at": null, "url": "https://www.inaturalist.org/observations/111502480", "description": null, "place_guess": "Несебър", "scientific_name": "Bombus" }, "geometry": { "type": "Point", "coordinates": [ 27.720559090399998, 42.660173041500002 ] } },
{ "type": "Feature", "properties": { "id": 111563078, "time_observed_at": "2022-04-15T16:02:00", "url": "https://www.inaturalist.org/observations/111563078", "description": "Resting (?) on [this willow tree](https://www.inaturalist.org/observations/111561199). It flied away after I took some photos. Nice bee.", "place_guess": "Botevgrad, Bulgaria", "scientific_name": "Bombus argillaceus" }, "geometry": { "type": "Point", "coordinates": [ 23.78503688, 42.91731815 ] } },
{ "type": "Feature", "properties": { "id": 111691018, "time_observed_at": "2022-04-16T08:43:25", "url": "https://www.inaturalist.org/observations/111691018", "description": null, "place_guess": "8014, Bulgarien", "scientific_name": "Bombus argillaceus" }, "geometry": { "type": "Point", "coordinates": [ 27.51169, 42.4226999722 ] } },
{ "type": "Feature", "properties": { "id": 111831699, "time_observed_at": "2022-04-15T15:59:00", "url": "https://www.inaturalist.org/observations/111831699", "description": null, "place_guess": "Botevgrad, Bulgaria", "scientific_name": "Bombus pascuorum" }, "geometry": { "type": "Point", "coordinates": [ 23.78506297, 42.91727522 ] } },
{ "type": "Feature", "properties": { "id": 112078652, "time_observed_at": "2022-04-13T14:08:10", "url": "https://www.inaturalist.org/observations/112078652", "description": null, "place_guess": "Pleven, BG", "scientific_name": "Bombus haematurus" }, "geometry": { "type": "Point", "coordinates": [ 24.700995678599998, 43.515494830800002 ] } },
{ "type": "Feature", "properties": { "id": 112128340, "time_observed_at": "2021-08-11T12:54:56", "url": "https://www.inaturalist.org/observations/112128340", "description": null, "place_guess": "2011, България", "scientific_name": "Bombus pascuorum" }, "geometry": { "type": "Point", "coordinates": [ 23.549948371900001, 42.133387026299999 ] } },
{ "type": "Feature", "properties": { "id": 112249319, "time_observed_at": "2022-04-21T08:50:47", "url": "https://www.inaturalist.org/observations/112249319", "description": null, "place_guess": "5557 Gorsko Slivovo, Bulgaria", "scientific_name": "Bombus" }, "geometry": { "type": "Point", "coordinates": [ 25.064314599700001, 43.2001842 ] } },
{ "type": "Feature", "properties": { "id": 112709199, "time_observed_at": "2022-04-23T14:29:23", "url": "https://www.inaturalist.org/observations/112709199", "description": null, "place_guess": "с.Шипка - връх Шипка, Shipka, Stara Zagora, BG", "scientific_name": "Bombus pascuorum" }, "geometry": { "type": "Point", "coordinates": [ 25.3287616667, 42.716525 ] } },
{ "type": "Feature", "properties": { "id": 112833616, "time_observed_at": "2022-04-25T01:06:00", "url": "https://www.inaturalist.org/observations/112833616", "description": null, "place_guess": "Zapad, Veliko Tarnovo, Bulgaria", "scientific_name": "Bombus" }, "geometry": { "type": "Point", "coordinates": [ 25.5790195278, 43.078758222200001 ] } },
{ "type": "Feature", "properties": { "id": 112834602, "time_observed_at": null, "url": "https://www.inaturalist.org/observations/112834602", "description": null, "place_guess": "Парк Бачиново", "scientific_name": "Bombus pascuorum" }, "geometry": { "type": "Point", "coordinates": [ 23.1272117794, 42.034313599299999 ] } },
{ "type": "Feature", "properties": { "id": 112967171, "time_observed_at": "2022-04-23T02:06:00", "url": "https://www.inaturalist.org/observations/112967171", "description": null, "place_guess": "Sliven municipality, Bulgaria", "scientific_name": "Bombus" }, "geometry": { "type": "Point", "coordinates": [ 26.3850682916, 42.716256321300001 ] } },
{ "type": "Feature", "properties": { "id": 113479625, "time_observed_at": "2022-04-27T21:23:00", "url": "https://www.inaturalist.org/observations/113479625", "description": null, "place_guess": "Сливен Център, Сливен, България", "scientific_name": "Bombus lucorum" }, "geometry": { "type": "Point", "coordinates": [ 26.3207738, 42.6831984 ] } },
{ "type": "Feature", "properties": { "id": 113527106, "time_observed_at": "2022-04-23T15:32:00", "url": "https://www.inaturalist.org/observations/113527106", "description": null, "place_guess": "Botevgrad, Bulgaria", "scientific_name": "Bombus pascuorum" }, "geometry": { "type": "Point", "coordinates": [ 23.781511890099999, 42.90251034 ] } },
{ "type": "Feature", "properties": { "id": 115192126, "time_observed_at": null, "url": "https://www.inaturalist.org/observations/115192126", "description": null, "place_guess": "Парк Рила Дупница", "scientific_name": "Bombus argillaceus" }, "geometry": { "type": "Point", "coordinates": [ 23.142086304700001, 42.248516406 ] } },
{ "type": "Feature", "properties": { "id": 115788773, "time_observed_at": "2022-05-06T15:45:00", "url": "https://www.inaturalist.org/observations/115788773", "description": null, "place_guess": "8850 Byala, Bulgaria", "scientific_name": "Bombus" }, "geometry": { "type": "Point", "coordinates": [ 26.1877854538, 42.7286512931 ] } },
{ "type": "Feature", "properties": { "id": 115790575, "time_observed_at": "2022-05-06T20:18:35", "url": "https://www.inaturalist.org/observations/115790575", "description": null, "place_guess": "Atanas Uzunov, Sofia, Sofia, BG", "scientific_name": "Bombus argillaceus" }, "geometry": { "type": "Point", "coordinates": [ 23.363893863200001, 42.689469387 ] } },
{ "type": "Feature", "properties": { "id": 116130721, "time_observed_at": null, "url": "https://www.inaturalist.org/observations/116130721", "description": null, "place_guess": "Сапарева баня", "scientific_name": "Bombus sylvarum" }, "geometry": { "type": "Point", "coordinates": [ 23.26862555, 42.289999997199999 ] } },
{ "type": "Feature", "properties": { "id": 117130499, "time_observed_at": "2022-05-15T08:16:01", "url": "https://www.inaturalist.org/observations/117130499", "description": null, "place_guess": "Софийска област", "scientific_name": "Bombus lucorum" }, "geometry": { "type": "Point", "coordinates": [ 23.725795745799999, 42.425022125200002 ] } },
{ "type": "Feature", "properties": { "id": 117131108, "time_observed_at": "2022-05-15T08:46:46", "url": "https://www.inaturalist.org/observations/117131108", "description": null, "place_guess": "Софийска област", "scientific_name": "Bombus" }, "geometry": { "type": "Point", "coordinates": [ 23.728809356700001, 42.4239463806 ] } },
{ "type": "Feature", "properties": { "id": 117280315, "time_observed_at": "2022-05-16T08:14:29", "url": "https://www.inaturalist.org/observations/117280315", "description": null, "place_guess": "1113 g.k. Izgrev, Sofia, Bulgaria", "scientific_name": "Bombus" }, "geometry": { "type": "Point", "coordinates": [ 23.349468000200002, 42.670769171499998 ] } },
{ "type": "Feature", "properties": { "id": 117351262, "time_observed_at": "2021-06-16T09:41:35", "url": "https://www.inaturalist.org/observations/117351262", "description": null, "place_guess": "Sofia, BG", "scientific_name": "Bombus" }, "geometry": { "type": "Point", "coordinates": [ 23.133200675699999, 42.663870386799999 ] } },
{ "type": "Feature", "properties": { "id": 117832432, "time_observed_at": "2022-05-20T07:24:07", "url": "https://www.inaturalist.org/observations/117832432", "description": null, "place_guess": "Grad Sofiya, BG-SG-ST, BG", "scientific_name": "Bombus hortorum" }, "geometry": { "type": "Point", "coordinates": [ 23.382526925499999, 42.711250548599999 ] } },
{ "type": "Feature", "properties": { "id": 118033755, "time_observed_at": "2022-05-21T16:55:35", "url": "https://www.inaturalist.org/observations/118033755", "description": null, "place_guess": "Atanas Uzunov, Sofia, Sofia, BG", "scientific_name": "Bombus argillaceus" }, "geometry": { "type": "Point", "coordinates": [ 23.3638879467, 42.689469421600002 ] } },
{ "type": "Feature", "properties": { "id": 118422328, "time_observed_at": "2022-05-14T16:07:00", "url": "https://www.inaturalist.org/observations/118422328", "description": "On raspberry", "place_guess": "2140 Tsentar, Botevgrad, Bulgaria", "scientific_name": "Bombus hypnorum" }, "geometry": { "type": "Point", "coordinates": [ 23.788988645100002, 42.909032993 ] } },
{ "type": "Feature", "properties": { "id": 118902406, "time_observed_at": null, "url": "https://www.inaturalist.org/observations/118902406", "description": null, "place_guess": "Сапарева баня", "scientific_name": "Bombus" }, "geometry": { "type": "Point", "coordinates": [ 23.26862555, 42.289999997199999 ] } },
{ "type": "Feature", "properties": { "id": 119650578, "time_observed_at": "2022-05-30T22:06:00", "url": "https://www.inaturalist.org/observations/119650578", "description": null, "place_guess": "Zapad, Veliko Tarnovo, Bulgaria", "scientific_name": "Bombus terrestris" }, "geometry": { "type": "Point", "coordinates": [ 25.578594194400001, 43.079093916700003 ] } },
{ "type": "Feature", "properties": { "id": 119779220, "time_observed_at": null, "url": "https://www.inaturalist.org/observations/119779220", "description": null, "place_guess": "Парк Бачиново", "scientific_name": "Bombus haematurus" }, "geometry": { "type": "Point", "coordinates": [ 23.1272117794, 42.034313599299999 ] } },
{ "type": "Feature", "properties": { "id": 120123959, "time_observed_at": null, "url": "https://www.inaturalist.org/observations/120123959", "description": null, "place_guess": "Дупница", "scientific_name": "Bombus" }, "geometry": { "type": "Point", "coordinates": [ 23.1124421954, 42.261418632500003 ] } },
{ "type": "Feature", "properties": { "id": 120165899, "time_observed_at": "2022-06-04T05:01:00", "url": "https://www.inaturalist.org/observations/120165899", "description": null, "place_guess": "Botevgrad Municipality, Bulgaria", "scientific_name": "Bombus" }, "geometry": { "type": "Point", "coordinates": [ 23.69797797, 42.88765158 ] } },
{ "type": "Feature", "properties": { "id": 120530661, "time_observed_at": "2022-06-02T16:37:00", "url": "https://www.inaturalist.org/observations/120530661", "description": "On raspberry", "place_guess": "2140 Tsentar, Botevgrad, Bulgaria", "scientific_name": "Bombus" }, "geometry": { "type": "Point", "coordinates": [ 23.78848062, 42.90879092 ] } },
{ "type": "Feature", "properties": { "id": 120530664, "time_observed_at": "2022-06-02T16:57:00", "url": "https://www.inaturalist.org/observations/120530664", "description": "On raspberry", "place_guess": "2140 Tsentar, Botevgrad, Bulgaria", "scientific_name": "Bombus haematurus" }, "geometry": { "type": "Point", "coordinates": [ 23.78848733, 42.90879682 ] } },
{ "type": "Feature", "properties": { "id": 121507214, "time_observed_at": "2022-06-08T13:23:00", "url": "https://www.inaturalist.org/observations/121507214", "description": "Large queen walk-flying", "place_guess": "Botevgrad, Bulgaria", "scientific_name": "Bombus" }, "geometry": { "type": "Point", "coordinates": [ 23.78564146, 42.89958557 ] } },
{ "type": "Feature", "properties": { "id": 121507260, "time_observed_at": "2022-06-08T13:55:00", "url": "https://www.inaturalist.org/observations/121507260", "description": "On *Echium vulgare*", "place_guess": "Botevgrad, Bulgaria", "scientific_name": "Bombus" }, "geometry": { "type": "Point", "coordinates": [ 23.78562342, 42.89965318 ] } },
{ "type": "Feature", "properties": { "id": 121507291, "time_observed_at": "2022-06-08T14:16:00", "url": "https://www.inaturalist.org/observations/121507291", "description": "On *Echium vulgare*", "place_guess": "Botevgrad, Bulgaria", "scientific_name": "Bombus" }, "geometry": { "type": "Point", "coordinates": [ 23.78571318, 42.899618300100002 ] } },
{ "type": "Feature", "properties": { "id": 121507305, "time_observed_at": "2022-06-08T14:23:00", "url": "https://www.inaturalist.org/observations/121507305", "description": null, "place_guess": "Botevgrad, Bulgaria", "scientific_name": "Bombus hortorum" }, "geometry": { "type": "Point", "coordinates": [ 23.78561928, 42.89963342 ] } },
{ "type": "Feature", "properties": { "id": 121507347, "time_observed_at": "2022-06-08T14:58:00", "url": "https://www.inaturalist.org/observations/121507347", "description": null, "place_guess": "Botevgrad, Bulgaria", "scientific_name": "Bombus pascuorum" }, "geometry": { "type": "Point", "coordinates": [ 23.78624003, 42.89945961 ] } },
{ "type": "Feature", "properties": { "id": 122279770, "time_observed_at": "2022-06-18T07:02:01", "url": "https://www.inaturalist.org/observations/122279770", "description": null, "place_guess": "Yuzhen, Sofia, Bulgaria", "scientific_name": "Bombus" }, "geometry": { "type": "Point", "coordinates": [ 23.3085482195, 42.674147078700003 ] } },
{ "type": "Feature", "properties": { "id": 122972773, "time_observed_at": "2022-06-18T09:12:00", "url": "https://www.inaturalist.org/observations/122972773", "description": null, "place_guess": "местност \"Карандила\" парк, Комплекс \"Сините камъни\", 8802 Сливен, България", "scientific_name": "Bombus pascuorum" }, "geometry": { "type": "Point", "coordinates": [ 26.3692984, 42.7181691 ] } },
{ "type": "Feature", "properties": { "id": 122972774, "time_observed_at": "2022-06-18T09:11:00", "url": "https://www.inaturalist.org/observations/122972774", "description": null, "place_guess": "местност \"Карандила\" парк, Комплекс \"Сините камъни\", 8802 Сливен, България", "scientific_name": "Bombus pratorum" }, "geometry": { "type": "Point", "coordinates": [ 26.3692984, 42.7181691 ] } },
{ "type": "Feature", "properties": { "id": 122987445, "time_observed_at": "2022-06-22T08:31:10", "url": "https://www.inaturalist.org/observations/122987445", "description": null, "place_guess": "8017 Burgas, Bulgarien", "scientific_name": "Bombus argillaceus" }, "geometry": { "type": "Point", "coordinates": [ 27.369991972200001, 42.467064972199999 ] } },
{ "type": "Feature", "properties": { "id": 123143166, "time_observed_at": "2022-06-17T13:04:00", "url": "https://www.inaturalist.org/observations/123143166", "description": "On *Rubus sp.*", "place_guess": "Botevgrad Municipality, Bulgaria", "scientific_name": "Bombus" }, "geometry": { "type": "Point", "coordinates": [ 23.69871031, 42.893713229900001 ] } },
{ "type": "Feature", "properties": { "id": 123670646, "time_observed_at": "2022-06-27T10:27:00", "url": "https://www.inaturalist.org/observations/123670646", "description": null, "place_guess": "Elhovets", "scientific_name": "Bombus pascuorum" }, "geometry": { "type": "Point", "coordinates": [ 24.805200576800001, 41.437999725300003 ] } },
{ "type": "Feature", "properties": { "id": 123704568, "time_observed_at": "2022-06-17T13:16:00", "url": "https://www.inaturalist.org/observations/123704568", "description": "On *Rubus sp.*", "place_guess": "Botevgrad Municipality, Bulgaria", "scientific_name": "Bombus haematurus" }, "geometry": { "type": "Point", "coordinates": [ 23.699085470100002, 42.89196381 ] } },
{ "type": "Feature", "properties": { "id": 124010243, "time_observed_at": null, "url": "https://www.inaturalist.org/observations/124010243", "description": null, "place_guess": "Парк Бачиново", "scientific_name": "Bombus ruderatus" }, "geometry": { "type": "Point", "coordinates": [ 23.127212114599999, 42.034314346400002 ] } },
{ "type": "Feature", "properties": { "id": 124363189, "time_observed_at": null, "url": "https://www.inaturalist.org/observations/124363189", "description": null, "place_guess": "Сапарева баня", "scientific_name": "Bombus" }, "geometry": { "type": "Point", "coordinates": [ 23.26862555, 42.289999997199999 ] } },
{ "type": "Feature", "properties": { "id": 124703746, "time_observed_at": "2022-06-18T08:52:58", "url": "https://www.inaturalist.org/observations/124703746", "description": null, "place_guess": "8802 Сливен, България", "scientific_name": "Bombus haematurus" }, "geometry": { "type": "Point", "coordinates": [ 26.371986599700001, 42.715197099699999 ] } },
{ "type": "Feature", "properties": { "id": 124733806, "time_observed_at": null, "url": "https://www.inaturalist.org/observations/124733806", "description": null, "place_guess": "Паничище", "scientific_name": "Bombus pratorum" }, "geometry": { "type": "Point", "coordinates": [ 23.297452256100001, 42.264417242900002 ] } },
{ "type": "Feature", "properties": { "id": 124752888, "time_observed_at": null, "url": "https://www.inaturalist.org/observations/124752888", "description": null, "place_guess": "Паничище", "scientific_name": "Bombus argillaceus" }, "geometry": { "type": "Point", "coordinates": [ 23.297452256100001, 42.264417242900002 ] } },
{ "type": "Feature", "properties": { "id": 125151415, "time_observed_at": null, "url": "https://www.inaturalist.org/observations/125151415", "description": null, "place_guess": "Сапарева баня", "scientific_name": "Bombus lucorum" }, "geometry": { "type": "Point", "coordinates": [ 23.26862555, 42.289999997199999 ] } },
{ "type": "Feature", "properties": { "id": 125278800, "time_observed_at": "2022-07-08T08:58:45", "url": "https://www.inaturalist.org/observations/125278800", "description": null, "place_guess": "Ямбол", "scientific_name": "Bombus" }, "geometry": { "type": "Point", "coordinates": [ 26.503502056, 42.484277561600003 ] } },
{ "type": "Feature", "properties": { "id": 125475563, "time_observed_at": "2022-06-30T13:25:00", "url": "https://www.inaturalist.org/observations/125475563", "description": null, "place_guess": "Bansko, Pirin, Blagoevgrad, Bulgaria", "scientific_name": "Bombus terrestris" }, "geometry": { "type": "Point", "coordinates": [ 23.530463888900002, 41.7249 ] } },
{ "type": "Feature", "properties": { "id": 125542709, "time_observed_at": "2022-07-09T15:14:00", "url": "https://www.inaturalist.org/observations/125542709", "description": "On *Hibiscus syriacus*", "place_guess": "2140 Tsentar, Botevgrad, Bulgaria", "scientific_name": "Bombus" }, "geometry": { "type": "Point", "coordinates": [ 23.78858373, 42.90896505 ] } },
{ "type": "Feature", "properties": { "id": 126379567, "time_observed_at": "2022-07-15T08:18:00", "url": "https://www.inaturalist.org/observations/126379567", "description": "On [this *Centaurea sp.*](https://www.inaturalist.org/observations/126379565)", "place_guess": "Botevgrad Municipality, Bulgaria", "scientific_name": "Bombus pascuorum" }, "geometry": { "type": "Point", "coordinates": [ 23.82378077, 42.88811938 ] } },
{ "type": "Feature", "properties": { "id": 126623621, "time_observed_at": "2022-07-17T08:53:05", "url": "https://www.inaturalist.org/observations/126623621", "description": null, "place_guess": "Krastova vada, Sofia, Bulgaria", "scientific_name": "Bombus" }, "geometry": { "type": "Point", "coordinates": [ 23.308791294700001, 42.657410552 ] } },
{ "type": "Feature", "properties": { "id": 126997906, "time_observed_at": null, "url": "https://www.inaturalist.org/observations/126997906", "description": null, "place_guess": "Бургас", "scientific_name": "Bombus terrestris" }, "geometry": { "type": "Point", "coordinates": [ 27.462635859799999, 42.505019443899997 ] } },
{ "type": "Feature", "properties": { "id": 127054906, "time_observed_at": "2020-07-12T13:50:00", "url": "https://www.inaturalist.org/observations/127054906", "description": null, "place_guess": "Sofia, Bulgaria", "scientific_name": "Bombus" }, "geometry": { "type": "Point", "coordinates": [ 23.2780820033, 42.599050071699999 ] } },
{ "type": "Feature", "properties": { "id": 127075867, "time_observed_at": "2022-07-20T10:02:10", "url": "https://www.inaturalist.org/observations/127075867", "description": null, "place_guess": "Мотописта", "scientific_name": "Bombus niveatus" }, "geometry": { "type": "Point", "coordinates": [ 23.293872848199999, 42.667891285400003 ] } },
{ "type": "Feature", "properties": { "id": 127201411, "time_observed_at": "2022-07-20T15:45:00", "url": "https://www.inaturalist.org/observations/127201411", "description": "Sleeping in *Eupatorium cannabinum*", "place_guess": "Botevgrad, Bulgaria", "scientific_name": "Bombus" }, "geometry": { "type": "Point", "coordinates": [ 23.78230001, 42.90286123 ] } },
{ "type": "Feature", "properties": { "id": 127339632, "time_observed_at": "2022-07-22T07:11:14", "url": "https://www.inaturalist.org/observations/127339632", "description": null, "place_guess": "ж.к, 1404 Manastirski Livadi, Sofia, Bulgaria", "scientific_name": "Bombus" }, "geometry": { "type": "Point", "coordinates": [ 23.2933504879, 42.659351014 ] } },
{ "type": "Feature", "properties": { "id": 127341744, "time_observed_at": "2022-07-22T07:15:46", "url": "https://www.inaturalist.org/observations/127341744", "description": null, "place_guess": "ж.к, 1404 Manastirski Livadi, Sofia, Bulgaria", "scientific_name": "Bombus sylvarum" }, "geometry": { "type": "Point", "coordinates": [ 23.293124176599999, 42.6590617978 ] } },
{ "type": "Feature", "properties": { "id": 127344408, "time_observed_at": "2022-07-22T07:14:11", "url": "https://www.inaturalist.org/observations/127344408", "description": null, "place_guess": "Манастирси ливади - Изток, 1404 Manastirski Livadi, Sofia, Bulgaria", "scientific_name": "Bombus niveatus" }, "geometry": { "type": "Point", "coordinates": [ 23.293173797400001, 42.658878848699999 ] } },
{ "type": "Feature", "properties": { "id": 127377842, "time_observed_at": "2022-07-22T15:36:14", "url": "https://www.inaturalist.org/observations/127377842", "description": null, "place_guess": "Мотописта", "scientific_name": "Bombus" }, "geometry": { "type": "Point", "coordinates": [ 23.293872848199999, 42.667963024700001 ] } },
{ "type": "Feature", "properties": { "id": 127630937, "time_observed_at": "2022-07-24T05:41:33", "url": "https://www.inaturalist.org/observations/127630937", "description": null, "place_guess": "2140 Център, Ботевград, България", "scientific_name": "Bombus terrestris" }, "geometry": { "type": "Point", "coordinates": [ 23.793366216100001, 42.907648544099999 ] } },
{ "type": "Feature", "properties": { "id": 127811714, "time_observed_at": "2022-07-25T07:48:30", "url": "https://www.inaturalist.org/observations/127811714", "description": null, "place_guess": "Varba, Sofia, Sofia, BG", "scientific_name": "Bombus" }, "geometry": { "type": "Point", "coordinates": [ 23.247001748599999, 42.670699954100002 ] } },
{ "type": "Feature", "properties": { "id": 127852877, "time_observed_at": "2022-07-25T15:31:46", "url": "https://www.inaturalist.org/observations/127852877", "description": null, "place_guess": "Varba, Sofia, Sofia, BG", "scientific_name": "Bombus" }, "geometry": { "type": "Point", "coordinates": [ 23.247328726599999, 42.670887918299996 ] } },
{ "type": "Feature", "properties": { "id": 127853121, "time_observed_at": "2022-07-25T15:33:27", "url": "https://www.inaturalist.org/observations/127853121", "description": null, "place_guess": "Varba, Sofia, Sofia, BG", "scientific_name": "Bombus" }, "geometry": { "type": "Point", "coordinates": [ 23.247435679700001, 42.670889846100003 ] } },
{ "type": "Feature", "properties": { "id": 128239123, "time_observed_at": "2022-07-22T16:06:00", "url": "https://www.inaturalist.org/observations/128239123", "description": "Visiting the flowers of [this *Anchusa sp.*](https://www.inaturalist.org/observations/128239124)", "place_guess": "Botevgrad Municipality, Bulgaria", "scientific_name": "Bombus humilis" }, "geometry": { "type": "Point", "coordinates": [ 23.76157378, 42.914322789899998 ] } },
{ "type": "Feature", "properties": { "id": 128409577, "time_observed_at": "2006-07-23T07:00:00", "url": "https://www.inaturalist.org/observations/128409577", "description": null, "place_guess": "g.k. Geo Milev, Sofia, Bulgaria", "scientific_name": "Bombus niveatus" }, "geometry": { "type": "Point", "coordinates": [ 23.364425350699999, 42.686452158800002 ] } },
{ "type": "Feature", "properties": { "id": 129013186, "time_observed_at": null, "url": "https://www.inaturalist.org/observations/129013186", "description": null, "place_guess": "Равда", "scientific_name": "Bombus" }, "geometry": { "type": "Point", "coordinates": [ 27.678139284299998, 42.644314672699998 ] } },
{ "type": "Feature", "properties": { "id": 129119262, "time_observed_at": "2022-08-02T07:00:23", "url": "https://www.inaturalist.org/observations/129119262", "description": null, "place_guess": "1404 Motopista, Sofia, Bulgaria", "scientific_name": "Bombus" }, "geometry": { "type": "Point", "coordinates": [ 23.293655253899999, 42.667421403799999 ] } },
{ "type": "Feature", "properties": { "id": 129248177, "time_observed_at": "2022-07-07T10:25:08", "url": "https://www.inaturalist.org/observations/129248177", "description": null, "place_guess": "Северна промишлена зона, Пловдив, България", "scientific_name": "Bombus argillaceus" }, "geometry": { "type": "Point", "coordinates": [ 24.7199675068, 42.167708104699997 ] } },
{ "type": "Feature", "properties": { "id": 129376114, "time_observed_at": "2022-08-01T14:34:00", "url": "https://www.inaturalist.org/observations/129376114", "description": "Many of them", "place_guess": "Botevgrad Municipality, Bulgaria", "scientific_name": "Bombus" }, "geometry": { "type": "Point", "coordinates": [ 23.81833873, 42.87086257 ] } },
{ "type": "Feature", "properties": { "id": 129573736, "time_observed_at": "2022-08-04T08:34:00", "url": "https://www.inaturalist.org/observations/129573736", "description": null, "place_guess": "2160 Trudovets, Bulgaria", "scientific_name": "Bombus argillaceus" }, "geometry": { "type": "Point", "coordinates": [ 23.8459712101, 42.91194554 ] } },
{ "type": "Feature", "properties": { "id": 129575429, "time_observed_at": "2022-08-04T07:36:00", "url": "https://www.inaturalist.org/observations/129575429", "description": null, "place_guess": "2160 Trudovets, Bulgaria", "scientific_name": "Bombus" }, "geometry": { "type": "Point", "coordinates": [ 23.84595523, 42.91196657 ] } },
{ "type": "Feature", "properties": { "id": 129581849, "time_observed_at": "2020-07-09T04:22:32", "url": "https://www.inaturalist.org/observations/129581849", "description": "Unsure", "place_guess": "Bulgaria", "scientific_name": "Bombus argillaceus" }, "geometry": { "type": "Point", "coordinates": [ 25.013719998500001, 43.362996351200003 ] } },
{ "type": "Feature", "properties": { "id": 130096256, "time_observed_at": "2022-08-07T15:11:00", "url": "https://www.inaturalist.org/observations/130096256", "description": "On *Dipsacus laciniatus*", "place_guess": "Botevgrad Municipality, Bulgaria", "scientific_name": "Bombus" }, "geometry": { "type": "Point", "coordinates": [ 23.77430166, 42.9002703 ] } },
{ "type": "Feature", "properties": { "id": 130096258, "time_observed_at": "2022-08-07T15:21:00", "url": "https://www.inaturalist.org/observations/130096258", "description": "On *Dipsacus laciniatus*", "place_guess": "Botevgrad Municipality, Bulgaria", "scientific_name": "Bombus" }, "geometry": { "type": "Point", "coordinates": [ 23.77463677, 42.9002776 ] } },
{ "type": "Feature", "properties": { "id": 130096260, "time_observed_at": "2022-08-07T15:06:00", "url": "https://www.inaturalist.org/observations/130096260", "description": "On *Dipsacus laciniatus*", "place_guess": "Botevgrad Municipality, Bulgaria", "scientific_name": "Bombus sylvarum" }, "geometry": { "type": "Point", "coordinates": [ 23.77438484, 42.90027178 ] } },
{ "type": "Feature", "properties": { "id": 130142262, "time_observed_at": "2021-08-05T16:20:00", "url": "https://www.inaturalist.org/observations/130142262", "description": null, "place_guess": "Samokov Municipality, Bulgaria", "scientific_name": "Megabombus" }, "geometry": { "type": "Point", "coordinates": [ 23.5409882565, 42.250791307199997 ] } },
{ "type": "Feature", "properties": { "id": 130611016, "time_observed_at": "2022-08-13T07:24:58", "url": "https://www.inaturalist.org/observations/130611016", "description": null, "place_guess": "1444 Bistritsa, Bulgarie", "scientific_name": "Bombus" }, "geometry": { "type": "Point", "coordinates": [ 23.2897986565, 42.5791692361 ] } },
{ "type": "Feature", "properties": { "id": 132112221, "time_observed_at": "2022-08-20T06:37:00", "url": "https://www.inaturalist.org/observations/132112221", "description": null, "place_guess": "Пирин планина, 2770 Банско, България", "scientific_name": "Bombus" }, "geometry": { "type": "Point", "coordinates": [ 23.4161872, 41.7566337 ] } },
{ "type": "Feature", "properties": { "id": 132683214, "time_observed_at": "2022-08-05T07:51:00", "url": "https://www.inaturalist.org/observations/132683214", "description": null, "place_guess": "Samokov Municipality, Bulgarien", "scientific_name": "Bombus" }, "geometry": { "type": "Point", "coordinates": [ 23.583533154, 42.202140401400001 ] } },
{ "type": "Feature", "properties": { "id": 132683218, "time_observed_at": "2022-08-06T09:22:00", "url": "https://www.inaturalist.org/observations/132683218", "description": null, "place_guess": "Sapareva Banya, Bulgarien", "scientific_name": "Bombus" }, "geometry": { "type": "Point", "coordinates": [ 23.3208727307, 42.216851030699999 ] } },
{ "type": "Feature", "properties": { "id": 132683223, "time_observed_at": "2022-08-06T14:47:00", "url": "https://www.inaturalist.org/observations/132683223", "description": null, "place_guess": "Sapareva Banya, Bulgarien", "scientific_name": "Bombus" }, "geometry": { "type": "Point", "coordinates": [ 23.3208727307, 42.216851030699999 ] } },
{ "type": "Feature", "properties": { "id": 132855959, "time_observed_at": "2022-08-29T09:52:00", "url": "https://www.inaturalist.org/observations/132855959", "description": null, "place_guess": "Botevgrad Municipality, Bulgaria", "scientific_name": "Bombus" }, "geometry": { "type": "Point", "coordinates": [ 23.76920432, 42.8471210099 ] } },
{ "type": "Feature", "properties": { "id": 133319397, "time_observed_at": "2022-08-26T15:48:00", "url": "https://www.inaturalist.org/observations/133319397", "description": "On [this *Linaria vulgaris*](https://www.inaturalist.org/observations/133319396)", "place_guess": "Botevgrad Municipality, Bulgaria", "scientific_name": "Bombus" }, "geometry": { "type": "Point", "coordinates": [ 23.80869083, 42.89620007 ] } },
{ "type": "Feature", "properties": { "id": 133320212, "time_observed_at": "2022-08-26T15:39:00", "url": "https://www.inaturalist.org/observations/133320212", "description": "On [this *Lythrum salicaria*](https://www.inaturalist.org/observations/133320210)", "place_guess": "Botevgrad Municipality, Bulgaria", "scientific_name": "Bombus lapidarius" }, "geometry": { "type": "Point", "coordinates": [ 23.80812078, 42.89655006 ] } },
{ "type": "Feature", "properties": { "id": 134395447, "time_observed_at": "2022-09-05T11:12:00", "url": "https://www.inaturalist.org/observations/134395447", "description": "On [this Centaurea sp.](https://www.inaturalist.org/observations/134395448)", "place_guess": "Botevgrad Municipality, Bulgaria", "scientific_name": "Bombus pascuorum" }, "geometry": { "type": "Point", "coordinates": [ 23.83607967, 42.87369032 ] } },
{ "type": "Feature", "properties": { "id": 134398244, "time_observed_at": "2022-09-05T11:02:00", "url": "https://www.inaturalist.org/observations/134398244", "description": null, "place_guess": "Botevgrad Municipality, Bulgaria", "scientific_name": "Bombus pascuorum" }, "geometry": { "type": "Point", "coordinates": [ 23.840537290099999, 42.87324758 ] } },
{ "type": "Feature", "properties": { "id": 134398607, "time_observed_at": "2022-09-05T10:55:00", "url": "https://www.inaturalist.org/observations/134398607", "description": null, "place_guess": "Botevgrad Municipality, Bulgaria", "scientific_name": "Bombus" }, "geometry": { "type": "Point", "coordinates": [ 23.84026522, 42.8733375 ] } },
{ "type": "Feature", "properties": { "id": 134400601, "time_observed_at": "2022-09-05T10:48:00", "url": "https://www.inaturalist.org/observations/134400601", "description": null, "place_guess": "Botevgrad Municipality, Bulgaria", "scientific_name": "Bombus pascuorum" }, "geometry": { "type": "Point", "coordinates": [ 23.84029232, 42.873291 ] } },
{ "type": "Feature", "properties": { "id": 134640019, "time_observed_at": "2022-09-09T08:32:18", "url": "https://www.inaturalist.org/observations/134640019", "description": null, "place_guess": "2279, Bulgaria", "scientific_name": "Bombus" }, "geometry": { "type": "Point", "coordinates": [ 23.240534775, 43.012237644899997 ] } },
{ "type": "Feature", "properties": { "id": 134873443, "time_observed_at": "2022-09-04T08:30:21", "url": "https://www.inaturalist.org/observations/134873443", "description": null, "place_guess": "Трудовец, Софийска, BG", "scientific_name": "Bombus lapidarius" }, "geometry": { "type": "Point", "coordinates": [ 23.83018, 42.876808333299998 ] } },
{ "type": "Feature", "properties": { "id": 135531603, "time_observed_at": null, "url": "https://www.inaturalist.org/observations/135531603", "description": null, "place_guess": "Varna", "scientific_name": "Bombus haematurus" }, "geometry": { "type": "Point", "coordinates": [ 27.914733253400001, 43.214294363500002 ] } },
{ "type": "Feature", "properties": { "id": 136458158, "time_observed_at": "2022-09-24T11:03:00", "url": "https://www.inaturalist.org/observations/136458158", "description": null, "place_guess": "Botevgrad Municipality, Bulgaria", "scientific_name": "Bombus" }, "geometry": { "type": "Point", "coordinates": [ 23.8093707399, 42.896940039900002 ] } },
{ "type": "Feature", "properties": { "id": 137395318, "time_observed_at": "2022-10-02T12:26:00", "url": "https://www.inaturalist.org/observations/137395318", "description": null, "place_guess": "2157 Bozhenitsa, Bulgaria", "scientific_name": "Bombus" }, "geometry": { "type": "Point", "coordinates": [ 23.81134585, 43.01061907 ] } },
{ "type": "Feature", "properties": { "id": 137952252, "time_observed_at": "2022-10-07T12:17:00", "url": "https://www.inaturalist.org/observations/137952252", "description": null, "place_guess": "Botevgrad Municipality, Bulgaria", "scientific_name": "Bombus" }, "geometry": { "type": "Point", "coordinates": [ 23.84006357, 42.87379187 ] } },
{ "type": "Feature", "properties": { "id": 138701751, "time_observed_at": "2022-10-08T07:46:00", "url": "https://www.inaturalist.org/observations/138701751", "description": null, "place_guess": "Sofia, Bulgaria", "scientific_name": "Bombus" }, "geometry": { "type": "Point", "coordinates": [ 23.541313469199999, 42.528963187400002 ] } },
{ "type": "Feature", "properties": { "id": 139333473, "time_observed_at": "2022-10-19T13:27:56", "url": "https://www.inaturalist.org/observations/139333473", "description": null, "place_guess": "1303 Zona B-5, Sofia, Bulgaria", "scientific_name": "Thoracobombus" }, "geometry": { "type": "Point", "coordinates": [ 23.306525, 42.693330555599999 ] } },
{ "type": "Feature", "properties": { "id": 141612776, "time_observed_at": "2015-07-20T11:32:00", "url": "https://www.inaturalist.org/observations/141612776", "description": null, "place_guess": "Letovishte Belmeken, Cherna Mesta, Blagoevgrad, BG", "scientific_name": "Thoracobombus" }, "geometry": { "type": "Point", "coordinates": [ 23.763783355899999, 42.144309232300003 ] } },
{ "type": "Feature", "properties": { "id": 144150008, "time_observed_at": "2022-05-30T08:19:00", "url": "https://www.inaturalist.org/observations/144150008", "description": null, "place_guess": "Sofia, Bulgaria", "scientific_name": "Bombus humilis" }, "geometry": { "type": "Point", "coordinates": [ 23.420793852500001, 42.570125033099998 ] } },
{ "type": "Feature", "properties": { "id": 144150049, "time_observed_at": "2022-05-30T06:52:00", "url": "https://www.inaturalist.org/observations/144150049", "description": null, "place_guess": "Sofia, Bulgaria", "scientific_name": "Bombus" }, "geometry": { "type": "Point", "coordinates": [ 23.425758111499999, 42.5718877248 ] } },
{ "type": "Feature", "properties": { "id": 144902619, "time_observed_at": "2015-07-19T14:18:00", "url": "https://www.inaturalist.org/observations/144902619", "description": null, "place_guess": "Sofia, Bulgaria", "scientific_name": "Psithyrus" }, "geometry": { "type": "Point", "coordinates": [ 23.1874941827, 42.649792124100003 ] } },
{ "type": "Feature", "properties": { "id": 145921542, "time_observed_at": "2022-08-11T14:55:00", "url": "https://www.inaturalist.org/observations/145921542", "description": null, "place_guess": "Botevgrad Municipality, Bulgaria", "scientific_name": "Bombus pascuorum" }, "geometry": { "type": "Point", "coordinates": [ 23.76803433, 42.89704192 ] } },
{ "type": "Feature", "properties": { "id": 145921546, "time_observed_at": "2022-08-11T15:13:00", "url": "https://www.inaturalist.org/observations/145921546", "description": null, "place_guess": "Botevgrad Municipality, Bulgaria", "scientific_name": "Bombus pascuorum" }, "geometry": { "type": "Point", "coordinates": [ 23.7682449, 42.89703411 ] } },
{ "type": "Feature", "properties": { "id": 145921565, "time_observed_at": "2022-08-11T16:25:00", "url": "https://www.inaturalist.org/observations/145921565", "description": null, "place_guess": "Botevgrad Municipality, Bulgaria", "scientific_name": "Bombus" }, "geometry": { "type": "Point", "coordinates": [ 23.76999543, 42.896998949900002 ] } },
{ "type": "Feature", "properties": { "id": 145921568, "time_observed_at": "2022-08-11T16:33:00", "url": "https://www.inaturalist.org/observations/145921568", "description": null, "place_guess": "Botevgrad Municipality, Bulgaria", "scientific_name": "Thoracobombus" }, "geometry": { "type": "Point", "coordinates": [ 23.77100311, 42.89688494 ] } },
{ "type": "Feature", "properties": { "id": 146490828, "time_observed_at": "2022-07-16T15:08:00", "url": "https://www.inaturalist.org/observations/146490828", "description": null, "place_guess": "Botevgrad Municipality, Bulgaria", "scientific_name": "Bombus" }, "geometry": { "type": "Point", "coordinates": [ 23.7650029, 42.95886725 ] } },
{ "type": "Feature", "properties": { "id": 146502681, "time_observed_at": "2022-07-15T08:54:00", "url": "https://www.inaturalist.org/observations/146502681", "description": null, "place_guess": "Botevgrad Municipality, Bulgaria", "scientific_name": "Megabombus" }, "geometry": { "type": "Point", "coordinates": [ 23.82391423, 42.88812707 ] } },
{ "type": "Feature", "properties": { "id": 147603607, "time_observed_at": null, "url": "https://www.inaturalist.org/observations/147603607", "description": null, "place_guess": "Park Bachinovo", "scientific_name": "Bombus haematurus" }, "geometry": { "type": "Point", "coordinates": [ 23.138357698899998, 42.0357404927 ] } },
{ "type": "Feature", "properties": { "id": 147693240, "time_observed_at": null, "url": "https://www.inaturalist.org/observations/147693240", "description": null, "place_guess": "Кермен", "scientific_name": "Bombus argillaceus" }, "geometry": { "type": "Point", "coordinates": [ 26.2641685456, 42.506232797700001 ] } },
{ "type": "Feature", "properties": { "id": 147707971, "time_observed_at": "2021-07-04T15:13:00", "url": "https://www.inaturalist.org/observations/147707971", "description": null, "place_guess": "Botevgrad Municipality, Bulgaria", "scientific_name": "Bombus pascuorum" }, "geometry": { "type": "Point", "coordinates": [ 23.812604989899999, 42.89395629 ] } },
{ "type": "Feature", "properties": { "id": 147820930, "time_observed_at": "2022-08-03T09:10:43", "url": "https://www.inaturalist.org/observations/147820930", "description": null, "place_guess": "ж.к. Гоце Делчев, кв. Мотописта, бл. 1Е, Партер, 1404 Мотописта, София, Bulgaria", "scientific_name": "Bombus" }, "geometry": { "type": "Point", "coordinates": [ 23.292348347600001, 42.6653598977 ] } },
{ "type": "Feature", "properties": { "id": 147826951, "time_observed_at": "2021-06-19T09:02:00", "url": "https://www.inaturalist.org/observations/147826951", "description": null, "place_guess": "Botevgrad Municipality, Bulgaria", "scientific_name": "Bombus pratorum" }, "geometry": { "type": "Point", "coordinates": [ 23.84384409, 42.87229258 ] } },
{ "type": "Feature", "properties": { "id": 147826974, "time_observed_at": "2021-06-19T09:51:00", "url": "https://www.inaturalist.org/observations/147826974", "description": null, "place_guess": "Botevgrad Municipality, Bulgaria", "scientific_name": "Bombus pascuorum" }, "geometry": { "type": "Point", "coordinates": [ 23.84139426, 42.87282766 ] } },
{ "type": "Feature", "properties": { "id": 148189426, "time_observed_at": "2021-03-31T13:54:00", "url": "https://www.inaturalist.org/observations/148189426", "description": null, "place_guess": "Botevgrad, Bulgaria", "scientific_name": "Bombus" }, "geometry": { "type": "Point", "coordinates": [ 23.78289817, 42.90331498 ] } },
{ "type": "Feature", "properties": { "id": 148518568, "time_observed_at": "2020-08-25T14:49:00", "url": "https://www.inaturalist.org/observations/148518568", "description": null, "place_guess": "Botevgrad Municipality, Bulgaria", "scientific_name": "Bombus" }, "geometry": { "type": "Point", "coordinates": [ 23.81430569, 42.89438637 ] } },
{ "type": "Feature", "properties": { "id": 148524663, "time_observed_at": "2020-07-12T09:40:00", "url": "https://www.inaturalist.org/observations/148524663", "description": null, "place_guess": "Botevgrad Municipality, Bulgaria", "scientific_name": "Bombus pascuorum" }, "geometry": { "type": "Point", "coordinates": [ 23.79007318, 42.88529464 ] } },
{ "type": "Feature", "properties": { "id": 148695099, "time_observed_at": "2020-06-13T12:10:00", "url": "https://www.inaturalist.org/observations/148695099", "description": null, "place_guess": "Botevgrad Municipality, Bulgaria", "scientific_name": "Bombus" }, "geometry": { "type": "Point", "coordinates": [ 23.6975908599, 42.8891995 ] } },
{ "type": "Feature", "properties": { "id": 148695121, "time_observed_at": "2020-06-18T15:48:00", "url": "https://www.inaturalist.org/observations/148695121", "description": null, "place_guess": "Botevgrad, Bulgaria", "scientific_name": "Bombus lapidarius" }, "geometry": { "type": "Point", "coordinates": [ 23.78312262, 42.90261984 ] } },
{ "type": "Feature", "properties": { "id": 148703235, "time_observed_at": "2020-05-09T15:33:00", "url": "https://www.inaturalist.org/observations/148703235", "description": null, "place_guess": "Botevgrad, Bulgaria", "scientific_name": "Bombus" }, "geometry": { "type": "Point", "coordinates": [ 23.81479522, 42.90903692 ] } },
{ "type": "Feature", "properties": { "id": 148750525, "time_observed_at": "2022-08-03T08:12:00", "url": "https://www.inaturalist.org/observations/148750525", "description": null, "place_guess": "Elin Pelin Municipality, Bulgaria", "scientific_name": "Bombus" }, "geometry": { "type": "Point", "coordinates": [ 23.582359742800001, 42.701939934400002 ] } },
{ "type": "Feature", "properties": { "id": 148750533, "time_observed_at": "2022-08-03T08:12:00", "url": "https://www.inaturalist.org/observations/148750533", "description": null, "place_guess": "Elin Pelin Municipality, Bulgaria", "scientific_name": "Bombus sylvarum" }, "geometry": { "type": "Point", "coordinates": [ 23.582347045199999, 42.701974631500001 ] } },
{ "type": "Feature", "properties": { "id": 148751914, "time_observed_at": "2022-08-02T08:58:00", "url": "https://www.inaturalist.org/observations/148751914", "description": null, "place_guess": "Botevgrad, Bulgaria", "scientific_name": "Bombus" }, "geometry": { "type": "Point", "coordinates": [ 23.807526666699999, 42.914666666700001 ] } },
{ "type": "Feature", "properties": { "id": 148762105, "time_observed_at": "2020-04-29T15:25:00", "url": "https://www.inaturalist.org/observations/148762105", "description": "Visiting Ajuga reptans, checking  holes in the ground", "place_guess": "Botevgrad Municipality, Bulgaria", "scientific_name": "Bombus argillaceus" }, "geometry": { "type": "Point", "coordinates": [ 23.69197189, 42.93646746 ] } },
{ "type": "Feature", "properties": { "id": 148763958, "time_observed_at": "2020-04-19T15:02:00", "url": "https://www.inaturalist.org/observations/148763958", "description": null, "place_guess": "Botevgrad, Bulgaria", "scientific_name": "Bombus" }, "geometry": { "type": "Point", "coordinates": [ 23.7849405, 42.91715987 ] } },
{ "type": "Feature", "properties": { "id": 148766725, "time_observed_at": "2020-04-10T15:10:00", "url": "https://www.inaturalist.org/observations/148766725", "description": null, "place_guess": "Botevgrad Municipality, Bulgaria", "scientific_name": "Bombus" }, "geometry": { "type": "Point", "coordinates": [ 23.77404851, 42.89890318 ] } },
{ "type": "Feature", "properties": { "id": 148766752, "time_observed_at": "2020-04-11T09:19:00", "url": "https://www.inaturalist.org/observations/148766752", "description": null, "place_guess": "2157 Bozhenitsa, Bulgaria", "scientific_name": "Bombus ruderarius" }, "geometry": { "type": "Point", "coordinates": [ 23.81171803, 43.00862126 ] } },
{ "type": "Feature", "properties": { "id": 148821077, "time_observed_at": "2020-04-08T13:26:00", "url": "https://www.inaturalist.org/observations/148821077", "description": null, "place_guess": "Botevgrad, Bulgaria", "scientific_name": "Bombus haematurus" }, "geometry": { "type": "Point", "coordinates": [ 23.78144287, 42.90212212 ] } },
{ "type": "Feature", "properties": { "id": 148824109, "time_observed_at": "2020-03-13T15:53:00", "url": "https://www.inaturalist.org/observations/148824109", "description": null, "place_guess": "Botevgrad Municipality, Bulgaria", "scientific_name": "Bombus" }, "geometry": { "type": "Point", "coordinates": [ 23.773970149899998, 42.89991819 ] } },
{ "type": "Feature", "properties": { "id": 148827287, "time_observed_at": "2020-03-07T12:49:00", "url": "https://www.inaturalist.org/observations/148827287", "description": null, "place_guess": "Botevgrad, Bulgaria", "scientific_name": "Bombus haematurus" }, "geometry": { "type": "Point", "coordinates": [ 23.79261486, 42.89863688 ] } },
{ "type": "Feature", "properties": { "id": 149325546, "time_observed_at": "2019-07-17T15:02:00", "url": "https://www.inaturalist.org/observations/149325546", "description": null, "place_guess": "Botevgrad Municipality, Bulgaria", "scientific_name": "Bombus lapidarius" }, "geometry": { "type": "Point", "coordinates": [ 23.8110898, 42.89520691 ] } },
{ "type": "Feature", "properties": { "id": 149325547, "time_observed_at": "2019-07-17T15:10:00", "url": "https://www.inaturalist.org/observations/149325547", "description": null, "place_guess": "Botevgrad Municipality, Bulgaria", "scientific_name": "Bombus" }, "geometry": { "type": "Point", "coordinates": [ 23.81107719, 42.89524106 ] } },
{ "type": "Feature", "properties": { "id": 149399649, "time_observed_at": "2023-02-22T12:40:20", "url": "https://www.inaturalist.org/observations/149399649", "description": null, "place_guess": "БАН IV км., София, България", "scientific_name": "Bombus" }, "geometry": { "type": "Point", "coordinates": [ 23.368031399700001, 42.6726401 ] } },
{ "type": "Feature", "properties": { "id": 149815932, "time_observed_at": "2023-02-27T12:10:14", "url": "https://www.inaturalist.org/observations/149815932", "description": null, "place_guess": "Bulgaria", "scientific_name": "Bombus" }, "geometry": { "type": "Point", "coordinates": [ 25.143102817799999, 43.381892511499998 ] } },
{ "type": "Feature", "properties": { "id": 149827306, "time_observed_at": "2019-06-08T09:06:00", "url": "https://www.inaturalist.org/observations/149827306", "description": null, "place_guess": "Botevgrad Municipality, Bulgaria", "scientific_name": "Bombus" }, "geometry": { "type": "Point", "coordinates": [ 23.84512171, 42.87214766 ] } },
{ "type": "Feature", "properties": { "id": 149827308, "time_observed_at": "2019-06-08T09:08:00", "url": "https://www.inaturalist.org/observations/149827308", "description": null, "place_guess": "Botevgrad Municipality, Bulgaria", "scientific_name": "Bombus pascuorum" }, "geometry": { "type": "Point", "coordinates": [ 23.845043199900001, 42.872197200099997 ] } },
{ "type": "Feature", "properties": { "id": 149835910, "time_observed_at": "2019-04-03T13:50:00", "url": "https://www.inaturalist.org/observations/149835910", "description": null, "place_guess": "Botevgrad Municipality, Bulgaria", "scientific_name": "Bombus ruderarius" }, "geometry": { "type": "Point", "coordinates": [ 23.76457074, 42.96315644 ] } },
{ "type": "Feature", "properties": { "id": 150065097, "time_observed_at": "2018-08-30T13:28:00", "url": "https://www.inaturalist.org/observations/150065097", "description": null, "place_guess": "Botevgrad Municipality, Bulgaria", "scientific_name": "Bombus" }, "geometry": { "type": "Point", "coordinates": [ 23.73939822, 42.87096422 ] } },
{ "type": "Feature", "properties": { "id": 150072699, "time_observed_at": "2018-08-05T10:24:00", "url": "https://www.inaturalist.org/observations/150072699", "description": null, "place_guess": "Botevgrad Municipality, Bulgaria", "scientific_name": "Bombus" }, "geometry": { "type": "Point", "coordinates": [ 23.76999915, 42.847055170099999 ] } },
{ "type": "Feature", "properties": { "id": 150072705, "time_observed_at": "2018-08-05T10:55:00", "url": "https://www.inaturalist.org/observations/150072705", "description": null, "place_guess": "Botevgrad Municipality, Bulgaria", "scientific_name": "Bombus pascuorum" }, "geometry": { "type": "Point", "coordinates": [ 23.76963973, 42.84718889 ] } },
{ "type": "Feature", "properties": { "id": 150072711, "time_observed_at": "2018-08-05T11:27:00", "url": "https://www.inaturalist.org/observations/150072711", "description": null, "place_guess": "Botevgrad Municipality, Bulgaria", "scientific_name": "Bombus" }, "geometry": { "type": "Point", "coordinates": [ 23.76978457, 42.84713383 ] } },
{ "type": "Feature", "properties": { "id": 150074647, "time_observed_at": "2018-06-30T15:56:00", "url": "https://www.inaturalist.org/observations/150074647", "description": null, "place_guess": "Botevgrad Municipality, Bulgaria", "scientific_name": "Bombus" }, "geometry": { "type": "Point", "coordinates": [ 23.77460718, 42.89993975 ] } },
{ "type": "Feature", "properties": { "id": 150076613, "time_observed_at": "2018-06-30T12:34:00", "url": "https://www.inaturalist.org/observations/150076613", "description": "The mites are here:\r\nhttps://www.inaturalist.org/observations/150076615", "place_guess": "2140 Tsentar, Botevgrad, Bulgaria", "scientific_name": "Bombus hypnorum" }, "geometry": { "type": "Point", "coordinates": [ 23.78860831, 42.90875141 ] } },
{ "type": "Feature", "properties": { "id": 150318095, "time_observed_at": "2018-05-22T11:10:00", "url": "https://www.inaturalist.org/observations/150318095", "description": null, "place_guess": "Botevgrad Municipality, Bulgaria", "scientific_name": "Bombus" }, "geometry": { "type": "Point", "coordinates": [ 23.84393692, 42.87224115 ] } },
{ "type": "Feature", "properties": { "id": 150331548, "time_observed_at": "2018-05-17T13:30:00", "url": "https://www.inaturalist.org/observations/150331548", "description": null, "place_guess": "Botevgrad Municipality, Bulgaria", "scientific_name": "Bombus" }, "geometry": { "type": "Point", "coordinates": [ 23.80889654, 42.89710246 ] } },
{ "type": "Feature", "properties": { "id": 150331579, "time_observed_at": "2018-05-19T06:38:00", "url": "https://www.inaturalist.org/observations/150331579", "description": null, "place_guess": "2157 Bozhenitsa, Bulgaria", "scientific_name": "Bombus pascuorum" }, "geometry": { "type": "Point", "coordinates": [ 23.81325781, 43.011606120099998 ] } },
{ "type": "Feature", "properties": { "id": 150801443, "time_observed_at": null, "url": "https://www.inaturalist.org/observations/150801443", "description": null, "place_guess": "2723, България", "scientific_name": "Bombus terrestris" }, "geometry": { "type": "Point", "coordinates": [ 23.1208012998, 42.032881942400003 ] } },
{ "type": "Feature", "properties": { "id": 150854772, "time_observed_at": "2023-03-11T13:40:26", "url": "https://www.inaturalist.org/observations/150854772", "description": null, "place_guess": "Kosanin dol, Pancharevo, Bulgaria", "scientific_name": "Bombus" }, "geometry": { "type": "Point", "coordinates": [ 23.390267752100002, 42.603186543500001 ] } },
{ "type": "Feature", "properties": { "id": 151202513, "time_observed_at": null, "url": "https://www.inaturalist.org/observations/151202513", "description": "ID Leopoldo Castro,Almost certainly Bombus terrestris (dark yellow bands, relatively short mesosomal hair...).", "place_guess": "Bansko, 2770 Новият Град, Банско, България", "scientific_name": "Bombus terrestris" }, "geometry": { "type": "Point", "coordinates": [ 23.478235825900001, 41.828276501600001 ] } },
{ "type": "Feature", "properties": { "id": 151376002, "time_observed_at": "2023-03-17T08:01:00", "url": "https://www.inaturalist.org/observations/151376002", "description": null, "place_guess": "4292 Dobri Dol, Bulgaria", "scientific_name": "Bombus lucorum" }, "geometry": { "type": "Point", "coordinates": [ 25.311070101199999, 42.1317807434 ] } },
{ "type": "Feature", "properties": { "id": 151394212, "time_observed_at": "2023-02-26T05:58:56", "url": "https://www.inaturalist.org/observations/151394212", "description": null, "place_guess": "вз Ботевград, Врачеш, Софийска, BG", "scientific_name": "Bombus" }, "geometry": { "type": "Point", "coordinates": [ 23.7907533333, 42.885755 ] } },
{ "type": "Feature", "properties": { "id": 151711804, "time_observed_at": "2023-03-20T07:37:44", "url": "https://www.inaturalist.org/observations/151711804", "description": null, "place_guess": "Южен, София, България", "scientific_name": "Bombus haematurus" }, "geometry": { "type": "Point", "coordinates": [ 23.305538110400001, 42.670005462500001 ] } },
{ "type": "Feature", "properties": { "id": 151740103, "time_observed_at": "2023-03-20T14:19:51", "url": "https://www.inaturalist.org/observations/151740103", "description": null, "place_guess": "5557 Gorsko Slivovo, Bulgaria", "scientific_name": "Bombus argillaceus" }, "geometry": { "type": "Point", "coordinates": [ 25.064199864900001, 43.200576072899999 ] } },
{ "type": "Feature", "properties": { "id": 151816539, "time_observed_at": "2022-06-18T08:52:22", "url": "https://www.inaturalist.org/observations/151816539", "description": null, "place_guess": "Природен Парк Сините Камъни (NP Blue Stones), Sliven, Sliven, BG", "scientific_name": "Bombus" }, "geometry": { "type": "Point", "coordinates": [ 26.331043144199999, 42.697621704600003 ] } },
{ "type": "Feature", "properties": { "id": 151906727, "time_observed_at": null, "url": "https://www.inaturalist.org/observations/151906727", "description": "a queen,ID Leopoldo Castro", "place_guess": "2723, България", "scientific_name": "Bombus haematurus" }, "geometry": { "type": "Point", "coordinates": [ 23.121982812900001, 42.032934238700001 ] } },
{ "type": "Feature", "properties": { "id": 152215351, "time_observed_at": "2023-03-24T12:25:00", "url": "https://www.inaturalist.org/observations/152215351", "description": null, "place_guess": "Botevgrad Municipality, Bulgaria", "scientific_name": "Bombus" }, "geometry": { "type": "Point", "coordinates": [ 23.811628370099999, 42.90448532 ] } },
{ "type": "Feature", "properties": { "id": 152233342, "time_observed_at": "2023-03-25T10:45:32", "url": "https://www.inaturalist.org/observations/152233342", "description": null, "place_guess": "ул. Луи Айер, 1407 Южен, София, България", "scientific_name": "Bombus haematurus" }, "geometry": { "type": "Point", "coordinates": [ 23.304326757799998, 42.663251233300002 ] } },
{ "type": "Feature", "properties": { "id": 153294714, "time_observed_at": null, "url": "https://www.inaturalist.org/observations/153294714", "description": null, "place_guess": "Парк Рила Дупница", "scientific_name": "Bombus ruderarius" }, "geometry": { "type": "Point", "coordinates": [ 23.142086304700001, 42.248512683199998 ] } },
{ "type": "Feature", "properties": { "id": 153295360, "time_observed_at": null, "url": "https://www.inaturalist.org/observations/153295360", "description": null, "place_guess": "Парк Рила Дупница", "scientific_name": "Bombus" }, "geometry": { "type": "Point", "coordinates": [ 23.142086304700001, 42.248512683199998 ] } },
{ "type": "Feature", "properties": { "id": 153362372, "time_observed_at": "2023-04-03T04:12:35", "url": "https://www.inaturalist.org/observations/153362372", "description": null, "place_guess": "Bulgaria", "scientific_name": "Bombus terrestris" }, "geometry": { "type": "Point", "coordinates": [ 25.0271618879, 43.356704002400001 ] } },
{ "type": "Feature", "properties": { "id": 154228378, "time_observed_at": "2023-04-09T10:28:00", "url": "https://www.inaturalist.org/observations/154228378", "description": null, "place_guess": "1756 Bunkera, Sofia, Bulgaria", "scientific_name": "Bombus haematurus" }, "geometry": { "type": "Point", "coordinates": [ 23.361440923300002, 42.609485473299998 ] } },
{ "type": "Feature", "properties": { "id": 154266106, "time_observed_at": "2023-04-10T09:39:28", "url": "https://www.inaturalist.org/observations/154266106", "description": "Bombidae ", "place_guess": "Veliko Tarnovo, Ksiliforska St 45, 5000 ж.к. Асенов, Велико Търново, България", "scientific_name": "Bombus terrestris" }, "geometry": { "type": "Point", "coordinates": [ 25.6536, 43.0890638889 ] } },
{ "type": "Feature", "properties": { "id": 154445952, "time_observed_at": "2017-09-07T08:29:00", "url": "https://www.inaturalist.org/observations/154445952", "description": null, "place_guess": "2147 Novacene, Bulgaria", "scientific_name": "Bombus sylvarum" }, "geometry": { "type": "Point", "coordinates": [ 23.739505, 42.981880369899997 ] } },
{ "type": "Feature", "properties": { "id": 154716409, "time_observed_at": "2017-07-27T13:19:00", "url": "https://www.inaturalist.org/observations/154716409", "description": null, "place_guess": "Botevgrad, Bulgaria", "scientific_name": "Bombus lapidarius" }, "geometry": { "type": "Point", "coordinates": [ 23.8102485, 42.90382351 ] } },
{ "type": "Feature", "properties": { "id": 154716410, "time_observed_at": "2017-07-27T13:21:00", "url": "https://www.inaturalist.org/observations/154716410", "description": null, "place_guess": "Botevgrad, Bulgaria", "scientific_name": "Bombus" }, "geometry": { "type": "Point", "coordinates": [ 23.81025116, 42.90381493 ] } },
{ "type": "Feature", "properties": { "id": 154864329, "time_observed_at": "2023-03-12T12:07:01", "url": "https://www.inaturalist.org/observations/154864329", "description": null, "place_guess": "2040 Dolna Banya, Bulgaria", "scientific_name": "Bombus terrestris" }, "geometry": { "type": "Point", "coordinates": [ 23.767553307099998, 42.313768478599997 ] } },
{ "type": "Feature", "properties": { "id": 154990188, "time_observed_at": "2023-04-15T11:48:00", "url": "https://www.inaturalist.org/observations/154990188", "description": null, "place_guess": "Botevgrad Municipality, Bulgaria", "scientific_name": "Psithyrus" }, "geometry": { "type": "Point", "coordinates": [ 23.79003663, 42.89103435 ] } },
{ "type": "Feature", "properties": { "id": 155108382, "time_observed_at": "2023-04-16T06:23:19", "url": "https://www.inaturalist.org/observations/155108382", "description": null, "place_guess": "5388 Керека, България", "scientific_name": "Bombus haematurus" }, "geometry": { "type": "Point", "coordinates": [ 25.46475, 43.032994444400003 ] } },
{ "type": "Feature", "properties": { "id": 155124978, "time_observed_at": "2023-04-16T07:59:49", "url": "https://www.inaturalist.org/observations/155124978", "description": null, "place_guess": "Южен, София, България", "scientific_name": "Bombus argillaceus" }, "geometry": { "type": "Point", "coordinates": [ 23.308947868600001, 42.665201374399999 ] } },
{ "type": "Feature", "properties": { "id": 155125000, "time_observed_at": "2023-04-16T08:01:46", "url": "https://www.inaturalist.org/observations/155125000", "description": null, "place_guess": "Южен, София, България", "scientific_name": "Bombus pascuorum" }, "geometry": { "type": "Point", "coordinates": [ 23.309083320199999, 42.665281499 ] } },
{ "type": "Feature", "properties": { "id": 155137625, "time_observed_at": "2023-04-16T10:33:03", "url": "https://www.inaturalist.org/observations/155137625", "description": null, "place_guess": "South Park, Sofia, Sofia, BG", "scientific_name": "Bombus haematurus" }, "geometry": { "type": "Point", "coordinates": [ 23.3083968955, 42.6657509594 ] } },
{ "type": "Feature", "properties": { "id": 155137835, "time_observed_at": "2023-04-16T10:35:35", "url": "https://www.inaturalist.org/observations/155137835", "description": null, "place_guess": "South Park, Sofia, Sofia, BG", "scientific_name": "Bombus pascuorum olympicus" }, "geometry": { "type": "Point", "coordinates": [ 23.3096998302, 42.665806451100003 ] } },
{ "type": "Feature", "properties": { "id": 155137940, "time_observed_at": "2023-04-16T10:37:46", "url": "https://www.inaturalist.org/observations/155137940", "description": null, "place_guess": "South Park, Sofia, Sofia, BG", "scientific_name": "Bombus haematurus" }, "geometry": { "type": "Point", "coordinates": [ 23.307972632399999, 42.666809207599997 ] } },
{ "type": "Feature", "properties": { "id": 155138080, "time_observed_at": "2023-04-16T10:50:44", "url": "https://www.inaturalist.org/observations/155138080", "description": null, "place_guess": "South Park, Sofia, Sofia, BG", "scientific_name": "Bombus haematurus" }, "geometry": { "type": "Point", "coordinates": [ 23.3090318727, 42.665628142300001 ] } },
{ "type": "Feature", "properties": { "id": 155138174, "time_observed_at": "2023-04-16T10:52:43", "url": "https://www.inaturalist.org/observations/155138174", "description": null, "place_guess": "Lozenets Hospital, Sofia, Sofia, BG", "scientific_name": "Bombus pascuorum" }, "geometry": { "type": "Point", "coordinates": [ 23.3098682659, 42.665526445 ] } },
{ "type": "Feature", "properties": { "id": 155138277, "time_observed_at": "2023-04-16T11:00:25", "url": "https://www.inaturalist.org/observations/155138277", "description": null, "place_guess": "South Park, Sofia, Sofia, BG", "scientific_name": "Bombus lapidarius" }, "geometry": { "type": "Point", "coordinates": [ 23.3083967536, 42.662674406299999 ] } },
{ "type": "Feature", "properties": { "id": 155150626, "time_observed_at": "2023-04-16T10:01:30", "url": "https://www.inaturalist.org/observations/155150626", "description": null, "place_guess": "Porechieto na reka Devinska, Devin, Smolyan, BG", "scientific_name": "Bombus pascuorum" }, "geometry": { "type": "Point", "coordinates": [ 24.3551133333, 41.748345 ] } },
{ "type": "Feature", "properties": { "id": 155217104, "time_observed_at": "2023-04-16T10:01:10", "url": "https://www.inaturalist.org/observations/155217104", "description": null, "place_guess": "8800 Голям битмиш, Сливен, България", "scientific_name": "Bombus" }, "geometry": { "type": "Point", "coordinates": [ 26.3000048697, 42.667691352 ] } },
{ "type": "Feature", "properties": { "id": 155284690, "time_observed_at": "2023-04-16T13:32:40", "url": "https://www.inaturalist.org/observations/155284690", "description": null, "place_guess": "5388 Керека, България", "scientific_name": "Bombus haematurus" }, "geometry": { "type": "Point", "coordinates": [ 25.464738888900001, 43.0330027778 ] } },
{ "type": "Feature", "properties": { "id": 155437364, "time_observed_at": "2023-04-15T11:10:07", "url": "https://www.inaturalist.org/observations/155437364", "description": null, "place_guess": "2271 Гара Бов, България", "scientific_name": "Bombus" }, "geometry": { "type": "Point", "coordinates": [ 23.351949043600001, 43.0192004329 ] } },
{ "type": "Feature", "properties": { "id": 155510034, "time_observed_at": "2023-04-17T12:22:41", "url": "https://www.inaturalist.org/observations/155510034", "description": "he was pollinating way too fast for me to keep up with it.", "place_guess": "Balchik, BG-DO, BG", "scientific_name": "Bombus" }, "geometry": { "type": "Point", "coordinates": [ 28.0749023706, 43.360684563 ] } },
{ "type": "Feature", "properties": { "id": 155597846, "time_observed_at": "2017-07-02T09:11:00", "url": "https://www.inaturalist.org/observations/155597846", "description": null, "place_guess": "Botevgrad, Bulgaria", "scientific_name": "Bombus" }, "geometry": { "type": "Point", "coordinates": [ 23.78151567, 42.90270208 ] } },
{ "type": "Feature", "properties": { "id": 155601074, "time_observed_at": "2017-06-12T15:01:00", "url": "https://www.inaturalist.org/observations/155601074", "description": null, "place_guess": "Botevgrad Municipality, Bulgaria", "scientific_name": "Bombus" }, "geometry": { "type": "Point", "coordinates": [ 23.76507845, 42.89595305 ] } },
{ "type": "Feature", "properties": { "id": 155621827, "time_observed_at": "2023-04-19T09:43:37", "url": "https://www.inaturalist.org/observations/155621827", "description": null, "place_guess": "4584, Bulgaria", "scientific_name": "Bombus" }, "geometry": { "type": "Point", "coordinates": [ 24.4346549, 42.057984799700002 ] } },
{ "type": "Feature", "properties": { "id": 155647161, "time_observed_at": "2023-04-19T10:05:00", "url": "https://www.inaturalist.org/observations/155647161", "description": null, "place_guess": "Bratsigovo, BG-PZ, BG", "scientific_name": "Bombus haematurus" }, "geometry": { "type": "Point", "coordinates": [ 24.43255, 42.0569667 ] } },
{ "type": "Feature", "properties": { "id": 155660543, "time_observed_at": "2023-04-19T10:07:42", "url": "https://www.inaturalist.org/observations/155660543", "description": null, "place_guess": "Kozarsko, Pazardzhik, BG", "scientific_name": "Bombus argillaceus" }, "geometry": { "type": "Point", "coordinates": [ 24.431017812, 42.057549359799999 ] } },
{ "type": "Feature", "properties": { "id": 155739337, "time_observed_at": "2017-06-09T15:59:00", "url": "https://www.inaturalist.org/observations/155739337", "description": null, "place_guess": "Botevgrad, Bulgaria", "scientific_name": "Bombus" }, "geometry": { "type": "Point", "coordinates": [ 23.7808991301, 42.90112331 ] } },
{ "type": "Feature", "properties": { "id": 155742499, "time_observed_at": "2017-05-22T10:56:00", "url": "https://www.inaturalist.org/observations/155742499", "description": null, "place_guess": "2140 Tsentar, Botevgrad, Bulgaria", "scientific_name": "Bombus lucorum" }, "geometry": { "type": "Point", "coordinates": [ 23.78852785, 42.90876712 ] } },
{ "type": "Feature", "properties": { "id": 155769391, "time_observed_at": "2023-04-20T16:11:58", "url": "https://www.inaturalist.org/observations/155769391", "description": null, "place_guess": "3V93+2R, 4629 Yundola, Bulgaria", "scientific_name": "Bombus terrestris" }, "geometry": { "type": "Point", "coordinates": [ 23.857822381, 42.067487676100001 ] } },
{ "type": "Feature", "properties": { "id": 156017618, "time_observed_at": "2023-04-22T09:43:51", "url": "https://www.inaturalist.org/observations/156017618", "description": null, "place_guess": "Tirana, Sofia, Sofia, BG", "scientific_name": "Bombus" }, "geometry": { "type": "Point", "coordinates": [ 23.398406035800001, 42.661241785199998 ] } },
{ "type": "Feature", "properties": { "id": 156212531, "time_observed_at": "2023-04-23T09:53:43", "url": "https://www.inaturalist.org/observations/156212531", "description": null, "place_guess": "5056, България", "scientific_name": "Bombus haematurus" }, "geometry": { "type": "Point", "coordinates": [ 25.597103834199999, 42.980031073600003 ] } },
{ "type": "Feature", "properties": { "id": 156629184, "time_observed_at": "2023-04-23T15:31:00", "url": "https://www.inaturalist.org/observations/156629184", "description": null, "place_guess": "Траката, Варна, Болгария", "scientific_name": "Bombus haematurus" }, "geometry": { "type": "Point", "coordinates": [ 27.9919822, 43.2270399 ] } },
{ "type": "Feature", "properties": { "id": 157983896, "time_observed_at": null, "url": "https://www.inaturalist.org/observations/157983896", "description": null, "place_guess": "8130, България", "scientific_name": "Bombus" }, "geometry": { "type": "Point", "coordinates": [ 27.683603949799998, 42.412339345299998 ] } },
{ "type": "Feature", "properties": { "id": 159863944, "time_observed_at": "2023-04-29T08:56:57", "url": "https://www.inaturalist.org/observations/159863944", "description": null, "place_guess": "Лозен", "scientific_name": "Bombus" }, "geometry": { "type": "Point", "coordinates": [ 23.482714109100002, 42.601661651699999 ] } },
{ "type": "Feature", "properties": { "id": 160038047, "time_observed_at": "2023-05-06T09:12:35", "url": "https://www.inaturalist.org/observations/160038047", "description": null, "place_guess": "Панагюрище", "scientific_name": "Bombus niveatus" }, "geometry": { "type": "Point", "coordinates": [ 24.1859624907, 42.500899203899998 ] } },
{ "type": "Feature", "properties": { "id": 160120946, "time_observed_at": "2023-05-06T11:39:53", "url": "https://www.inaturalist.org/observations/160120946", "description": null, "place_guess": "Belovodski pat, Sofia, Bulgaria", "scientific_name": "Bombus hortorum" }, "geometry": { "type": "Point", "coordinates": [ 23.247566666699999, 42.648647222199997 ] } },
{ "type": "Feature", "properties": { "id": 160954923, "time_observed_at": "2023-05-08T09:38:25", "url": "https://www.inaturalist.org/observations/160954923", "description": null, "place_guess": "1404 ж.к. Гоце Делчев, София, България", "scientific_name": "Bombus" }, "geometry": { "type": "Point", "coordinates": [ 23.300497222200001, 42.662638888899998 ] } },
{ "type": "Feature", "properties": { "id": 161033454, "time_observed_at": "2023-05-08T13:35:46", "url": "https://www.inaturalist.org/observations/161033454", "description": null, "place_guess": "Тученица", "scientific_name": "Bombus" }, "geometry": { "type": "Point", "coordinates": [ 24.694129116799999, 43.342510666599999 ] } },
{ "type": "Feature", "properties": { "id": 161093327, "time_observed_at": "2023-05-11T16:13:57", "url": "https://www.inaturalist.org/observations/161093327", "description": null, "place_guess": "Панагюрище", "scientific_name": "Bombus argillaceus" }, "geometry": { "type": "Point", "coordinates": [ 24.1859624907, 42.500899203899998 ] } },
{ "type": "Feature", "properties": { "id": 161646470, "time_observed_at": "2022-08-06T12:42:00", "url": "https://www.inaturalist.org/observations/161646470", "description": null, "place_guess": "2000 Rido, Bulgaria", "scientific_name": "Bombus argillaceus" }, "geometry": { "type": "Point", "coordinates": [ 23.568912, 42.333958 ] } },
{ "type": "Feature", "properties": { "id": 162119213, "time_observed_at": "2023-05-16T14:53:37", "url": "https://www.inaturalist.org/observations/162119213", "description": null, "place_guess": "Veliko Tarnovo, BG", "scientific_name": "Bombus haematurus" }, "geometry": { "type": "Point", "coordinates": [ 25.691494101499998, 43.160518307300002 ] } },
{ "type": "Feature", "properties": { "id": 162320165, "time_observed_at": "2023-04-06T07:37:00", "url": "https://www.inaturalist.org/observations/162320165", "description": null, "place_guess": "Sliven municipality, Bulgarien", "scientific_name": "Bombus haematurus" }, "geometry": { "type": "Point", "coordinates": [ 26.296930254700001, 42.7040899904 ] } },
{ "type": "Feature", "properties": { "id": 163502485, "time_observed_at": "2023-05-24T15:12:34", "url": "https://www.inaturalist.org/observations/163502485", "description": null, "place_guess": "2271, България", "scientific_name": "Bombus terrestris" }, "geometry": { "type": "Point", "coordinates": [ 23.351758942, 43.0192443109 ] } },
{ "type": "Feature", "properties": { "id": 164019228, "time_observed_at": "2023-05-27T14:46:23", "url": "https://www.inaturalist.org/observations/164019228", "description": null, "place_guess": "Veliko Tarnovo, BG", "scientific_name": "Bombus haematurus" }, "geometry": { "type": "Point", "coordinates": [ 25.658845209300001, 43.056632587800003 ] } },
{ "type": "Feature", "properties": { "id": 164411964, "time_observed_at": "2023-05-29T12:51:53", "url": "https://www.inaturalist.org/observations/164411964", "description": null, "place_guess": "Veliko Tarnovo, BG", "scientific_name": "Bombus haematurus" }, "geometry": { "type": "Point", "coordinates": [ 25.792785952, 43.134881671599999 ] } },
{ "type": "Feature", "properties": { "id": 164643965, "time_observed_at": "2023-05-30T14:37:21", "url": "https://www.inaturalist.org/observations/164643965", "description": null, "place_guess": "Veliko Tarnovo, BG", "scientific_name": "Bombus haematurus" }, "geometry": { "type": "Point", "coordinates": [ 25.745095772199999, 43.056897456500003 ] } },
{ "type": "Feature", "properties": { "id": 164684678, "time_observed_at": "2023-05-30T11:11:41", "url": "https://www.inaturalist.org/observations/164684678", "description": null, "place_guess": "Bulgaria", "scientific_name": "Bombus argillaceus" }, "geometry": { "type": "Point", "coordinates": [ 25.041642574, 43.294571797300001 ] } },
{ "type": "Feature", "properties": { "id": 164772003, "time_observed_at": "2023-05-31T07:02:37", "url": "https://www.inaturalist.org/observations/164772003", "description": null, "place_guess": "Veliko Tarnovo, BG", "scientific_name": "Bombus haematurus" }, "geometry": { "type": "Point", "coordinates": [ 25.7020360512, 43.070440946600002 ] } },
{ "type": "Feature", "properties": { "id": 165153143, "time_observed_at": "2023-06-02T11:55:41", "url": "https://www.inaturalist.org/observations/165153143", "description": null, "place_guess": "Bulgaria", "scientific_name": "Bombus haematurus" }, "geometry": { "type": "Point", "coordinates": [ 25.059980496600001, 43.3739589057 ] } },
{ "type": "Feature", "properties": { "id": 165479322, "time_observed_at": "2023-06-04T10:30:00", "url": "https://www.inaturalist.org/observations/165479322", "description": null, "place_guess": "Панагюрище", "scientific_name": "Bombus haematurus" }, "geometry": { "type": "Point", "coordinates": [ 24.1859624907, 42.500899203899998 ] } },
{ "type": "Feature", "properties": { "id": 165726282, "time_observed_at": "2023-06-05T06:27:25", "url": "https://www.inaturalist.org/observations/165726282", "description": null, "place_guess": "Bulgaria", "scientific_name": "Bombus haematurus" }, "geometry": { "type": "Point", "coordinates": [ 25.104178979899999, 43.244023573600003 ] } },
{ "type": "Feature", "properties": { "id": 166127734, "time_observed_at": "2023-06-06T08:13:26", "url": "https://www.inaturalist.org/observations/166127734", "description": "Pollinating Iris sintenisii", "place_guess": "Sofia, BG", "scientific_name": "Bombus argillaceus" }, "geometry": { "type": "Point", "coordinates": [ 22.953897494, 42.859389811699998 ] } },
{ "type": "Feature", "properties": { "id": 166259969, "time_observed_at": "2023-06-08T10:01:00", "url": "https://www.inaturalist.org/observations/166259969", "description": null, "place_guess": "Sofia, Bulgaria", "scientific_name": "Bombus" }, "geometry": { "type": "Point", "coordinates": [ 23.2245931667, 42.632938305 ] } },
{ "type": "Feature", "properties": { "id": 166283903, "time_observed_at": "2023-06-08T14:05:35", "url": "https://www.inaturalist.org/observations/166283903", "description": null, "place_guess": "1137 Pancharevo, Bulgaria", "scientific_name": "Bombus" }, "geometry": { "type": "Point", "coordinates": [ 23.394284360099999, 42.607582090100003 ] } },
{ "type": "Feature", "properties": { "id": 166441851, "time_observed_at": "2023-06-09T06:36:48", "url": "https://www.inaturalist.org/observations/166441851", "description": null, "place_guess": "Veliko Tarnovo, BG", "scientific_name": "Bombus haematurus" }, "geometry": { "type": "Point", "coordinates": [ 25.6560499305, 43.045105065599998 ] } },
{ "type": "Feature", "properties": { "id": 167057492, "time_observed_at": "2023-06-12T16:09:04", "url": "https://www.inaturalist.org/observations/167057492", "description": null, "place_guess": "Veliko Tarnovo, BG", "scientific_name": "Bombus" }, "geometry": { "type": "Point", "coordinates": [ 25.7692648011, 43.1751645971 ] } },
{ "type": "Feature", "properties": { "id": 167078389, "time_observed_at": "2023-06-12T20:17:38", "url": "https://www.inaturalist.org/observations/167078389", "description": "On cultivated Actinidia chinensis", "place_guess": "1618 kv. Ovcha kupel, Sofia, Bulgaria", "scientific_name": "Bombus terrestris" }, "geometry": { "type": "Point", "coordinates": [ 23.2678072, 42.6716244 ] } },
{ "type": "Feature", "properties": { "id": 167166838, "time_observed_at": "2023-06-12T10:29:18", "url": "https://www.inaturalist.org/observations/167166838", "description": null, "place_guess": "Veliko Tarnovo, BG", "scientific_name": "Bombus haematurus" }, "geometry": { "type": "Point", "coordinates": [ 25.6205401442, 43.060183393700001 ] } },
{ "type": "Feature", "properties": { "id": 167230604, "time_observed_at": "2023-06-13T15:05:55", "url": "https://www.inaturalist.org/observations/167230604", "description": null, "place_guess": "Veliko Tarnovo, BG", "scientific_name": "Bombus" }, "geometry": { "type": "Point", "coordinates": [ 25.7139320466, 43.142457876400002 ] } },
{ "type": "Feature", "properties": { "id": 167332639, "time_observed_at": "2023-06-14T08:08:12", "url": "https://www.inaturalist.org/observations/167332639", "description": null, "place_guess": "Veliko Tarnovo, BG", "scientific_name": "Bombus" }, "geometry": { "type": "Point", "coordinates": [ 25.634667733099999, 43.011213837200003 ] } },
{ "type": "Feature", "properties": { "id": 167489986, "time_observed_at": "2023-06-13T11:24:00", "url": "https://www.inaturalist.org/observations/167489986", "description": null, "place_guess": "Gabrovo Center, Gabrovo, Bulgaria", "scientific_name": "Bombus haematurus" }, "geometry": { "type": "Point", "coordinates": [ 25.3150083333, 42.878952777800002 ] } },
{ "type": "Feature", "properties": { "id": 168227395, "time_observed_at": "2023-05-31T07:54:00", "url": "https://www.inaturalist.org/observations/168227395", "description": null, "place_guess": "Burgas, Bulgaria", "scientific_name": "Bombus" }, "geometry": { "type": "Point", "coordinates": [ 27.469293026799999, 42.522378178799997 ] } },
{ "type": "Feature", "properties": { "id": 168338085, "time_observed_at": "2023-06-18T08:13:25", "url": "https://www.inaturalist.org/observations/168338085", "description": null, "place_guess": "Bulgaria", "scientific_name": "Bombus argillaceus" }, "geometry": { "type": "Point", "coordinates": [ 25.0786044074, 43.398516450300001 ] } },
{ "type": "Feature", "properties": { "id": 168688139, "time_observed_at": "2023-06-21T15:39:38", "url": "https://www.inaturalist.org/observations/168688139", "description": null, "place_guess": "Veliko Tarnovo, BG", "scientific_name": "Bombus" }, "geometry": { "type": "Point", "coordinates": [ 25.743032278899999, 43.157559517300001 ] } },
{ "type": "Feature", "properties": { "id": 168814774, "time_observed_at": "2023-06-22T05:07:29", "url": "https://www.inaturalist.org/observations/168814774", "description": null, "place_guess": "Bulgaria", "scientific_name": "Bombus haematurus" }, "geometry": { "type": "Point", "coordinates": [ 25.0094994466, 43.2627501929 ] } },
{ "type": "Feature", "properties": { "id": 168961696, "time_observed_at": "2023-06-23T05:00:19", "url": "https://www.inaturalist.org/observations/168961696", "description": null, "place_guess": "Veliko Tarnovo, BG", "scientific_name": "Bombus haematurus" }, "geometry": { "type": "Point", "coordinates": [ 25.748343546099999, 43.106110426900003 ] } },
{ "type": "Feature", "properties": { "id": 170093735, "time_observed_at": "2023-06-29T11:39:04", "url": "https://www.inaturalist.org/observations/170093735", "description": null, "place_guess": "Gorunaka, Sofiyska, BG", "scientific_name": "Bombus humilis" }, "geometry": { "type": "Point", "coordinates": [ 23.92598, 42.844303333299997 ] } },
{ "type": "Feature", "properties": { "id": 170428630, "time_observed_at": "2023-07-01T08:35:00", "url": "https://www.inaturalist.org/observations/170428630", "description": null, "place_guess": "Botevgrad Municipality, Bulgaria", "scientific_name": "Bombus terrestris" }, "geometry": { "type": "Point", "coordinates": [ 23.845033690099999, 42.87215087 ] } },
{ "type": "Feature", "properties": { "id": 170614086, "time_observed_at": "2023-07-02T09:19:34", "url": "https://www.inaturalist.org/observations/170614086", "description": null, "place_guess": "Leshten, Leshten, Blagoevgrad, BG", "scientific_name": "Bombus" }, "geometry": { "type": "Point", "coordinates": [ 23.829395, 41.635045 ] } },
{ "type": "Feature", "properties": { "id": 171172843, "time_observed_at": "2023-07-04T16:01:49", "url": "https://www.inaturalist.org/observations/171172843", "description": null, "place_guess": "Veliko Tarnovo, BG", "scientific_name": "Bombus pascuorum" }, "geometry": { "type": "Point", "coordinates": [ 25.685991663100001, 43.141010466499999 ] } },
{ "type": "Feature", "properties": { "id": 171172898, "time_observed_at": "2023-07-03T12:24:20", "url": "https://www.inaturalist.org/observations/171172898", "description": null, "place_guess": "Veliko Tarnovo, BG", "scientific_name": "Bombus haematurus" }, "geometry": { "type": "Point", "coordinates": [ 25.764978287600002, 43.139739199600001 ] } },
{ "type": "Feature", "properties": { "id": 171351003, "time_observed_at": "2023-07-06T04:54:09", "url": "https://www.inaturalist.org/observations/171351003", "description": null, "place_guess": "Южен, София, България", "scientific_name": "Bombus humilis" }, "geometry": { "type": "Point", "coordinates": [ 23.311859071299999, 42.658810057700002 ] } },
{ "type": "Feature", "properties": { "id": 171999804, "time_observed_at": "2022-04-28T08:35:00", "url": "https://www.inaturalist.org/observations/171999804", "description": null, "place_guess": "6480 Madzharovo, Bulgaria", "scientific_name": "Bombus terrestris" }, "geometry": { "type": "Point", "coordinates": [ 25.8603494, 41.6332599 ] } },
{ "type": "Feature", "properties": { "id": 172022318, "time_observed_at": "2023-04-23T11:13:00", "url": "https://www.inaturalist.org/observations/172022318", "description": null, "place_guess": "Sofia, Bulgaria", "scientific_name": "Bombus haematurus" }, "geometry": { "type": "Point", "coordinates": [ 23.417952922400001, 42.572100773 ] } },
{ "type": "Feature", "properties": { "id": 172022476, "time_observed_at": "2023-04-23T08:30:00", "url": "https://www.inaturalist.org/observations/172022476", "description": null, "place_guess": "Sofia, Bulgaria", "scientific_name": "Bombus" }, "geometry": { "type": "Point", "coordinates": [ 23.417952922400001, 42.572100773 ] } },
{ "type": "Feature", "properties": { "id": 172537583, "time_observed_at": "2023-07-12T06:17:54", "url": "https://www.inaturalist.org/observations/172537583", "description": null, "place_guess": "Smolyan, Smoljan, BG", "scientific_name": "Bombus pascuorum olympicus" }, "geometry": { "type": "Point", "coordinates": [ 24.653646666699998, 41.583911666699997 ] } },
{ "type": "Feature", "properties": { "id": 172537865, "time_observed_at": "2023-07-12T06:33:05", "url": "https://www.inaturalist.org/observations/172537865", "description": null, "place_guess": "Smolyan, Smoljan, BG", "scientific_name": "Bombus pascuorum olympicus" }, "geometry": { "type": "Point", "coordinates": [ 24.650095, 41.585153333299999 ] } },
{ "type": "Feature", "properties": { "id": 172537983, "time_observed_at": "2023-07-12T06:39:29", "url": "https://www.inaturalist.org/observations/172537983", "description": null, "place_guess": "Smolyan, Smoljan, BG", "scientific_name": "Bombus hypnorum" }, "geometry": { "type": "Point", "coordinates": [ 24.6490783333, 41.584866666700002 ] } },
{ "type": "Feature", "properties": { "id": 172671689, "time_observed_at": "2023-07-13T08:58:09", "url": "https://www.inaturalist.org/observations/172671689", "description": null, "place_guess": "Университетска ботаническа градина, Sofia, Sofia, BG", "scientific_name": "Bombus" }, "geometry": { "type": "Point", "coordinates": [ 23.33452, 42.697103333299999 ] } },
{ "type": "Feature", "properties": { "id": 173164783, "time_observed_at": "2023-07-16T06:52:00", "url": "https://www.inaturalist.org/observations/173164783", "description": null, "place_guess": "Лозята, Сливен, България", "scientific_name": "Bombus" }, "geometry": { "type": "Point", "coordinates": [ 26.352834701399999, 42.688228606899997 ] } },
{ "type": "Feature", "properties": { "id": 173558168, "time_observed_at": "2023-07-18T07:09:06", "url": "https://www.inaturalist.org/observations/173558168", "description": null, "place_guess": "Мотописта", "scientific_name": "Bombus niveatus" }, "geometry": { "type": "Point", "coordinates": [ 23.295039944399999, 42.665719347299998 ] } },
{ "type": "Feature", "properties": { "id": 174136370, "time_observed_at": "2023-07-20T06:42:20", "url": "https://www.inaturalist.org/observations/174136370", "description": null, "place_guess": "Veliko Tarnovo, BG", "scientific_name": "Bombus" }, "geometry": { "type": "Point", "coordinates": [ 25.662672966700001, 43.009019184400003 ] } },
{ "type": "Feature", "properties": { "id": 174340128, "time_observed_at": null, "url": "https://www.inaturalist.org/observations/174340128", "description": null, "place_guess": "PQ4R+65, 8256 Робинзон, Свети Влас, България", "scientific_name": "Bombus haematurus" }, "geometry": { "type": "Point", "coordinates": [ 27.7897017449, 42.703620479500003 ] } },
{ "type": "Feature", "properties": { "id": 174645530, "time_observed_at": "2023-07-24T08:22:43", "url": "https://www.inaturalist.org/observations/174645530", "description": null, "place_guess": "Pirin National Park, Bansko, Blagoevgrad, BG", "scientific_name": "Bombus pratorum" }, "geometry": { "type": "Point", "coordinates": [ 23.47668, 41.806855 ] } },
{ "type": "Feature", "properties": { "id": 174692613, "time_observed_at": "2023-07-24T04:49:14", "url": "https://www.inaturalist.org/observations/174692613", "description": null, "place_guess": "5235 Gorsko Kosovo, Bulgaria", "scientific_name": "Bombus pascuorum" }, "geometry": { "type": "Point", "coordinates": [ 25.171390660099998, 43.127094502 ] } },
{ "type": "Feature", "properties": { "id": 174740310, "time_observed_at": "2023-05-01T15:26:00", "url": "https://www.inaturalist.org/observations/174740310", "description": null, "place_guess": "Sofia, Bulgaria", "scientific_name": "Bombus terrestris" }, "geometry": { "type": "Point", "coordinates": [ 23.413232466699998, 42.571421049900003 ] } },
{ "type": "Feature", "properties": { "id": 174740394, "time_observed_at": "2023-04-29T09:21:00", "url": "https://www.inaturalist.org/observations/174740394", "description": null, "place_guess": "Sofia, Bulgaria", "scientific_name": "Bombus" }, "geometry": { "type": "Point", "coordinates": [ 23.413232466699998, 42.571421049900003 ] } },
{ "type": "Feature", "properties": { "id": 174740433, "time_observed_at": "2023-04-29T08:16:00", "url": "https://www.inaturalist.org/observations/174740433", "description": null, "place_guess": "Sofia, Bulgaria", "scientific_name": "Bombus hortorum" }, "geometry": { "type": "Point", "coordinates": [ 23.413232466699998, 42.571421049900003 ] } },
{ "type": "Feature", "properties": { "id": 174740472, "time_observed_at": "2023-04-23T11:13:00", "url": "https://www.inaturalist.org/observations/174740472", "description": null, "place_guess": "Sofia, Bulgaria", "scientific_name": "Bombus haematurus" }, "geometry": { "type": "Point", "coordinates": [ 23.413232466699998, 42.571421049900003 ] } },
{ "type": "Feature", "properties": { "id": 174742490, "time_observed_at": "2023-04-29T09:22:00", "url": "https://www.inaturalist.org/observations/174742490", "description": null, "place_guess": "Sofia, Bulgaria", "scientific_name": "Bombus" }, "geometry": { "type": "Point", "coordinates": [ 23.4144338316, 42.570062268599997 ] } },
{ "type": "Feature", "properties": { "id": 174751627, "time_observed_at": "2023-06-01T06:59:00", "url": "https://www.inaturalist.org/observations/174751627", "description": null, "place_guess": "Sofia, Bulgaria", "scientific_name": "Bombus" }, "geometry": { "type": "Point", "coordinates": [ 23.414893870899999, 42.569840885300003 ] } },
{ "type": "Feature", "properties": { "id": 174994846, "time_observed_at": "2023-05-24T08:35:00", "url": "https://www.inaturalist.org/observations/174994846", "description": null, "place_guess": "Trigrad Gorge, Bulgaria", "scientific_name": "Bombus hypnorum" }, "geometry": { "type": "Point", "coordinates": [ 24.3802118045, 41.614667599100002 ] } },
{ "type": "Feature", "properties": { "id": 175319710, "time_observed_at": "2023-07-26T16:00:00", "url": "https://www.inaturalist.org/observations/175319710", "description": null, "place_guess": "Troyan, Bulgaria", "scientific_name": "Bombus hortorum" }, "geometry": { "type": "Point", "coordinates": [ 24.778547611699999, 42.878002083299997 ] } },
{ "type": "Feature", "properties": { "id": 175488980, "time_observed_at": "2023-07-26T07:32:45", "url": "https://www.inaturalist.org/observations/175488980", "description": null, "place_guess": "2643, Bulgarien", "scientific_name": "Bombus pomorum" }, "geometry": { "type": "Point", "coordinates": [ 23.3648548275, 42.146460188399999 ] } },
{ "type": "Feature", "properties": { "id": 175520675, "time_observed_at": "2023-07-29T05:12:37", "url": "https://www.inaturalist.org/observations/175520675", "description": null, "place_guess": "Златните мостове, 1616, България", "scientific_name": "Bombus lucorum" }, "geometry": { "type": "Point", "coordinates": [ 23.234340883800002, 42.608535832400001 ] } },
{ "type": "Feature", "properties": { "id": 175677954, "time_observed_at": "2023-07-26T09:45:32", "url": "https://www.inaturalist.org/observations/175677954", "description": null, "place_guess": "Rila Monastery", "scientific_name": "Bombus pascuorum olympicus" }, "geometry": { "type": "Point", "coordinates": [ 23.340191915599998, 42.133482751 ] } },
{ "type": "Feature", "properties": { "id": 175726604, "time_observed_at": "2023-07-30T12:16:53", "url": "https://www.inaturalist.org/observations/175726604", "description": null, "place_guess": "2820 Roschen, Bulgarien", "scientific_name": "Bombus pascuorum olympicus" }, "geometry": { "type": "Point", "coordinates": [ 23.432381786400001, 41.532151587100003 ] } },
{ "type": "Feature", "properties": { "id": 176066048, "time_observed_at": "2023-07-31T13:31:19", "url": "https://www.inaturalist.org/observations/176066048", "description": null, "place_guess": "2042, Bulgaria", "scientific_name": "Bombus" }, "geometry": { "type": "Point", "coordinates": [ 23.799392777800001, 42.240596111099997 ] } },
{ "type": "Feature", "properties": { "id": 176169068, "time_observed_at": "2023-08-01T15:25:32", "url": "https://www.inaturalist.org/observations/176169068", "description": null, "place_guess": "2042, Bulgarien", "scientific_name": "Bombus hortorum" }, "geometry": { "type": "Point", "coordinates": [ 23.7998846546, 42.243174282399998 ] } },
{ "type": "Feature", "properties": { "id": 176316999, "time_observed_at": "2023-07-28T13:22:12", "url": "https://www.inaturalist.org/observations/176316999", "description": null, "place_guess": "Хижа „Септември“", "scientific_name": "Bombus" }, "geometry": { "type": "Point", "coordinates": [ 23.244170844599999, 42.6192786752 ] } },
{ "type": "Feature", "properties": { "id": 176331795, "time_observed_at": "2023-08-01T15:20:09", "url": "https://www.inaturalist.org/observations/176331795", "description": null, "place_guess": "1137 Pancharevo, Bulgaria", "scientific_name": "Bombus niveatus" }, "geometry": { "type": "Point", "coordinates": [ 23.3939829469, 42.607354324900001 ] } },
{ "type": "Feature", "properties": { "id": 176577109, "time_observed_at": "2023-08-03T15:37:59", "url": "https://www.inaturalist.org/observations/176577109", "description": "I'm wondering what type of bee this is. ", "place_guess": "ZH.K. Gotse Deltchev - Zaryadna, 1404 g.k. Gotse Delchev, Sofia, Bulgaria", "scientific_name": "Bombus niveatus" }, "geometry": { "type": "Point", "coordinates": [ 23.297701199700001, 42.660806 ] } },
{ "type": "Feature", "properties": { "id": 176660435, "time_observed_at": "2021-05-25T16:43:00", "url": "https://www.inaturalist.org/observations/176660435", "description": null, "place_guess": "Sofia, Bulgaria", "scientific_name": "Bombus lapidarius" }, "geometry": { "type": "Point", "coordinates": [ 23.415077920200002, 42.569903980699998 ] } },
{ "type": "Feature", "properties": { "id": 176660509, "time_observed_at": "2021-06-04T16:31:00", "url": "https://www.inaturalist.org/observations/176660509", "description": null, "place_guess": "Sofia, Bulgaria", "scientific_name": "Bombus lapidarius" }, "geometry": { "type": "Point", "coordinates": [ 23.415077920200002, 42.569903980699998 ] } },
{ "type": "Feature", "properties": { "id": 177628421, "time_observed_at": "2023-08-10T04:35:30", "url": "https://www.inaturalist.org/observations/177628421", "description": null, "place_guess": "Trigrad, Smolyan, BG", "scientific_name": "Bombus" }, "geometry": { "type": "Point", "coordinates": [ 24.383658333300001, 41.604295 ] } },
{ "type": "Feature", "properties": { "id": 177658571, "time_observed_at": "2023-07-16T05:57:00", "url": "https://www.inaturalist.org/observations/177658571", "description": null, "place_guess": "Sandanski, Bulgaria", "scientific_name": "Bombus argillaceus" }, "geometry": { "type": "Point", "coordinates": [ 23.407545, 41.407691666700003 ] } },
{ "type": "Feature", "properties": { "id": 177689380, "time_observed_at": "2023-07-16T11:55:00", "url": "https://www.inaturalist.org/observations/177689380", "description": null, "place_guess": "Gotze Delchev, Bulgaria", "scientific_name": "Bombus hortorum" }, "geometry": { "type": "Point", "coordinates": [ 23.626671666699998, 41.552475 ] } },
{ "type": "Feature", "properties": { "id": 177822598, "time_observed_at": "2023-08-11T12:16:00", "url": "https://www.inaturalist.org/observations/177822598", "description": null, "place_guess": "Ботевград, България", "scientific_name": "Bombus humilis" }, "geometry": { "type": "Point", "coordinates": [ 23.77908024, 42.8964709 ] } },
{ "type": "Feature", "properties": { "id": 177837423, "time_observed_at": "2023-07-18T10:09:00", "url": "https://www.inaturalist.org/observations/177837423", "description": null, "place_guess": "Bansko, Bulgaria", "scientific_name": "Bombus lapidarius" }, "geometry": { "type": "Point", "coordinates": [ 23.522675, 41.732745 ] } },
{ "type": "Feature", "properties": { "id": 177846155, "time_observed_at": "2023-08-02T07:35:00", "url": "https://www.inaturalist.org/observations/177846155", "description": null, "place_guess": "Sofia, Bulgaria", "scientific_name": "Bombus pascuorum" }, "geometry": { "type": "Point", "coordinates": [ 23.2697186999, 42.635967211100002 ] } },
{ "type": "Feature", "properties": { "id": 177966695, "time_observed_at": "2023-08-12T10:04:08", "url": "https://www.inaturalist.org/observations/177966695", "description": null, "place_guess": "2643 Rilski Manastir, Kiustendil, Bulgarien", "scientific_name": "Bombus terrestris" }, "geometry": { "type": "Point", "coordinates": [ 23.3477607558, 42.139689658199998 ] } },
{ "type": "Feature", "properties": { "id": 177966890, "time_observed_at": "2023-08-12T10:08:23", "url": "https://www.inaturalist.org/observations/177966890", "description": null, "place_guess": "2643 Rilski Manastir, Kiustendil, Bulgarien", "scientific_name": "Bombus lapidarius" }, "geometry": { "type": "Point", "coordinates": [ 23.346914874700001, 42.139218377100001 ] } },
{ "type": "Feature", "properties": { "id": 178324734, "time_observed_at": "2023-07-25T10:54:00", "url": "https://www.inaturalist.org/observations/178324734", "description": null, "place_guess": "ж.к. Лозенец, София, България", "scientific_name": "Bombus" }, "geometry": { "type": "Point", "coordinates": [ 23.3309789722, 42.6723989722 ] } },
{ "type": "Feature", "properties": { "id": 178333142, "time_observed_at": "2023-07-20T07:35:00", "url": "https://www.inaturalist.org/observations/178333142", "description": null, "place_guess": "Razlog, Bulgaria", "scientific_name": "Bombus hortorum" }, "geometry": { "type": "Point", "coordinates": [ 23.463495, 41.98574 ] } },
{ "type": "Feature", "properties": { "id": 178334674, "time_observed_at": "2023-07-20T12:15:00", "url": "https://www.inaturalist.org/observations/178334674", "description": null, "place_guess": "Sofia, Bulgaria", "scientific_name": "Bombus lapidarius" }, "geometry": { "type": "Point", "coordinates": [ 23.21609, 42.667136666700003 ] } },
{ "type": "Feature", "properties": { "id": 178335050, "time_observed_at": "2023-07-20T12:28:00", "url": "https://www.inaturalist.org/observations/178335050", "description": null, "place_guess": "Sofia, Bulgaria", "scientific_name": "Bombus terrestris" }, "geometry": { "type": "Point", "coordinates": [ 23.215983333299999, 42.667145 ] } },
{ "type": "Feature", "properties": { "id": 178505813, "time_observed_at": "2023-08-13T07:36:36", "url": "https://www.inaturalist.org/observations/178505813", "description": null, "place_guess": "2650, Bulgarien", "scientific_name": "Bombus pratorum" }, "geometry": { "type": "Point", "coordinates": [ 23.316099651599998, 42.2123014441 ] } },
{ "type": "Feature", "properties": { "id": 178505842, "time_observed_at": "2023-08-13T07:39:31", "url": "https://www.inaturalist.org/observations/178505842", "description": null, "place_guess": "2650, Bulgarien", "scientific_name": "Bombus lapidarius" }, "geometry": { "type": "Point", "coordinates": [ 23.315239777599999, 42.211443215300001 ] } },
{ "type": "Feature", "properties": { "id": 178650229, "time_observed_at": "2023-08-02T15:30:00", "url": "https://www.inaturalist.org/observations/178650229", "description": null, "place_guess": "Южен, София, България", "scientific_name": "Bombus lapidarius" }, "geometry": { "type": "Point", "coordinates": [ 23.319544, 42.679164972199999 ] } },
{ "type": "Feature", "properties": { "id": 178904202, "time_observed_at": "2023-07-25T08:18:00", "url": "https://www.inaturalist.org/observations/178904202", "description": null, "place_guess": "Sieben Rila-Seen", "scientific_name": "Bombus argillaceus" }, "geometry": { "type": "Point", "coordinates": [ 23.3169354871, 42.204286062800001 ] } },
{ "type": "Feature", "properties": { "id": 178904694, "time_observed_at": "2023-07-28T11:18:00", "url": "https://www.inaturalist.org/observations/178904694", "description": null, "place_guess": "2776, Bulgarien", "scientific_name": "Bombus mastrucatus" }, "geometry": { "type": "Point", "coordinates": [ 23.5176911205, 41.722525969099998 ] } },
{ "type": "Feature", "properties": { "id": 178905519, "time_observed_at": null, "url": "https://www.inaturalist.org/observations/178905519", "description": null, "place_guess": "2863, Bulgarien", "scientific_name": "Bombus zonatus" }, "geometry": { "type": "Point", "coordinates": [ 23.260543048399999, 41.454414633 ] } },
{ "type": "Feature", "properties": { "id": 178909626, "time_observed_at": "2023-07-25T08:06:00", "url": "https://www.inaturalist.org/observations/178909626", "description": null, "place_guess": "2650, Bulgarien", "scientific_name": "Bombus sichelii" }, "geometry": { "type": "Point", "coordinates": [ 23.3104975149, 42.203683545300002 ] } },
{ "type": "Feature", "properties": { "id": 178910232, "time_observed_at": "2023-07-27T11:10:00", "url": "https://www.inaturalist.org/observations/178910232", "description": null, "place_guess": "2770 Bansko, Bulgarien", "scientific_name": "Bombus" }, "geometry": { "type": "Point", "coordinates": [ 23.4534086287, 41.7303565729 ] } },
{ "type": "Feature", "properties": { "id": 178910789, "time_observed_at": null, "url": "https://www.inaturalist.org/observations/178910789", "description": null, "place_guess": "4629, Bulgarien", "scientific_name": "Bombus campestris" }, "geometry": { "type": "Point", "coordinates": [ 23.8274795562, 42.066750695800003 ] } },
{ "type": "Feature", "properties": { "id": 178953296, "time_observed_at": "2023-08-16T11:18:00", "url": "https://www.inaturalist.org/observations/178953296", "description": null, "place_guess": "Unnamed Road, 2770, 2770, България", "scientific_name": "Bombus" }, "geometry": { "type": "Point", "coordinates": [ 23.4227661, 41.7383016 ] } },
{ "type": "Feature", "properties": { "id": 179033658, "time_observed_at": "2023-07-24T12:22:00", "url": "https://www.inaturalist.org/observations/179033658", "description": null, "place_guess": "1444 Bistritsa, Bulgarien", "scientific_name": "Bombus sylvarum" }, "geometry": { "type": "Point", "coordinates": [ 23.357442542899999, 42.550389367100003 ] } },
{ "type": "Feature", "properties": { "id": 179034438, "time_observed_at": "2023-07-25T06:25:00", "url": "https://www.inaturalist.org/observations/179034438", "description": null, "place_guess": "Sieben Rila-Seen", "scientific_name": "Bombus soroeensis" }, "geometry": { "type": "Point", "coordinates": [ 23.319742418800001, 42.215071297400002 ] } },
{ "type": "Feature", "properties": { "id": 179034936, "time_observed_at": "2023-07-27T11:30:00", "url": "https://www.inaturalist.org/observations/179034936", "description": null, "place_guess": "2776, Bulgarien", "scientific_name": "Bombus hortorum" }, "geometry": { "type": "Point", "coordinates": [ 23.506563641100001, 41.718365807200001 ] } },
{ "type": "Feature", "properties": { "id": 179035367, "time_observed_at": "2023-07-25T12:13:00", "url": "https://www.inaturalist.org/observations/179035367", "description": null, "place_guess": "2650, Bulgarien", "scientific_name": "Bombus pyrenaeus" }, "geometry": { "type": "Point", "coordinates": [ 23.3166729659, 42.215713188 ] } },
{ "type": "Feature", "properties": { "id": 179036035, "time_observed_at": "2023-07-25T13:46:00", "url": "https://www.inaturalist.org/observations/179036035", "description": null, "place_guess": "Sieben Rila-Seen", "scientific_name": "Bombus lapidarius" }, "geometry": { "type": "Point", "coordinates": [ 23.310474380900001, 42.2034086106 ] } },
{ "type": "Feature", "properties": { "id": 179036705, "time_observed_at": "2023-07-24T12:22:00", "url": "https://www.inaturalist.org/observations/179036705", "description": null, "place_guess": "1475 Zheleznitsa, Bulgarien", "scientific_name": "Thoracobombus" }, "geometry": { "type": "Point", "coordinates": [ 23.357426114399999, 42.550053456800001 ] } },
{ "type": "Feature", "properties": { "id": 179658002, "time_observed_at": "2023-08-22T10:28:30", "url": "https://www.inaturalist.org/observations/179658002", "description": null, "place_guess": "Grad Sofiya, BG-SG-ST, BG", "scientific_name": "Bombus lapidarius" }, "geometry": { "type": "Point", "coordinates": [ 23.28764534, 42.5773620605 ] } },
{ "type": "Feature", "properties": { "id": 179683704, "time_observed_at": "2023-08-06T15:28:00", "url": "https://www.inaturalist.org/observations/179683704", "description": null, "place_guess": "Devin, Bulgaria", "scientific_name": "Bombus humilis" }, "geometry": { "type": "Point", "coordinates": [ 24.409353947700001, 41.746626641600002 ] } },
{ "type": "Feature", "properties": { "id": 179696926, "time_observed_at": "2023-08-07T10:35:00", "url": "https://www.inaturalist.org/observations/179696926", "description": null, "place_guess": "Borino, Bulgaria", "scientific_name": "Bombus campestris" }, "geometry": { "type": "Point", "coordinates": [ 24.371824218499999, 41.624602686700001 ] } },
{ "type": "Feature", "properties": { "id": 179737497, "time_observed_at": "2022-07-22T16:00:00", "url": "https://www.inaturalist.org/observations/179737497", "description": null, "place_guess": "Sofia, Bulgaria", "scientific_name": "Bombus" }, "geometry": { "type": "Point", "coordinates": [ 23.4152491368, 42.570062307699999 ] } },
{ "type": "Feature", "properties": { "id": 179737498, "time_observed_at": "2022-07-22T16:00:00", "url": "https://www.inaturalist.org/observations/179737498", "description": null, "place_guess": "Sofia, Bulgaria", "scientific_name": "Bombus" }, "geometry": { "type": "Point", "coordinates": [ 23.4152491368, 42.570062307699999 ] } },
{ "type": "Feature", "properties": { "id": 179840005, "time_observed_at": "2023-08-08T05:56:00", "url": "https://www.inaturalist.org/observations/179840005", "description": null, "place_guess": "Bansko, Bulgaria", "scientific_name": "Bombus pratorum" }, "geometry": { "type": "Point", "coordinates": [ 23.414067897300001, 41.751117563599998 ] } },
{ "type": "Feature", "properties": { "id": 180500127, "time_observed_at": "2023-08-18T07:00:00", "url": "https://www.inaturalist.org/observations/180500127", "description": null, "place_guess": "Koprivshtitza, 2077, Bulgarien", "scientific_name": "Bombus pomorum" }, "geometry": { "type": "Point", "coordinates": [ 24.3973672694, 42.6454174482 ] } },
{ "type": "Feature", "properties": { "id": 180603666, "time_observed_at": "2023-08-20T07:12:00", "url": "https://www.inaturalist.org/observations/180603666", "description": null, "place_guess": "Природна забележителност \"Чудните Мостове, 4872 Zabardo, Bulgarien", "scientific_name": "Bombus" }, "geometry": { "type": "Point", "coordinates": [ 24.581964036399999, 41.818897932500001 ] } },
{ "type": "Feature", "properties": { "id": 180603693, "time_observed_at": "2023-08-20T08:12:00", "url": "https://www.inaturalist.org/observations/180603693", "description": null, "place_guess": "Chepelare, Bulgarien", "scientific_name": "Bombus pascuorum" }, "geometry": { "type": "Point", "coordinates": [ 24.574487246499999, 41.805948984300002 ] } },
{ "type": "Feature", "properties": { "id": 180603716, "time_observed_at": "2023-08-20T08:46:00", "url": "https://www.inaturalist.org/observations/180603716", "description": "insect on the left", "place_guess": "Chepelare, Bulgarien", "scientific_name": "Bombus" }, "geometry": { "type": "Point", "coordinates": [ 24.585640467400001, 41.796516429199997 ] } },
{ "type": "Feature", "properties": { "id": 180606559, "time_observed_at": "2023-08-20T14:13:00", "url": "https://www.inaturalist.org/observations/180606559", "description": null, "place_guess": "Chepelare, Bulgarien", "scientific_name": "Bombus" }, "geometry": { "type": "Point", "coordinates": [ 24.6791769419, 41.724855012 ] } },
{ "type": "Feature", "properties": { "id": 180620900, "time_observed_at": "2023-08-21T11:53:00", "url": "https://www.inaturalist.org/observations/180620900", "description": null, "place_guess": "Smolyan, Bulgarien", "scientific_name": "Bombus pascuorum" }, "geometry": { "type": "Point", "coordinates": [ 24.5650662336, 41.646569633200002 ] } },
{ "type": "Feature", "properties": { "id": 180658235, "time_observed_at": "2023-08-22T07:30:00", "url": "https://www.inaturalist.org/observations/180658235", "description": null, "place_guess": "Devin, Bulgarien", "scientific_name": "Bombus pascuorum" }, "geometry": { "type": "Point", "coordinates": [ 24.377736409899999, 41.612204871599999 ] } },
{ "type": "Feature", "properties": { "id": 180739966, "time_observed_at": "2023-08-23T05:23:00", "url": "https://www.inaturalist.org/observations/180739966", "description": null, "place_guess": "Bansko, Bulgarien", "scientific_name": "Bombus mastrucatus" }, "geometry": { "type": "Point", "coordinates": [ 23.413810885499998, 41.747060434200002 ] } },
{ "type": "Feature", "properties": { "id": 180739967, "time_observed_at": "2023-08-23T05:24:00", "url": "https://www.inaturalist.org/observations/180739967", "description": null, "place_guess": "Bansko, Bulgarien", "scientific_name": "Bombus sichelii" }, "geometry": { "type": "Point", "coordinates": [ 23.413825133700001, 41.747097284699997 ] } },
{ "type": "Feature", "properties": { "id": 180749395, "time_observed_at": "2023-08-24T11:22:00", "url": "https://www.inaturalist.org/observations/180749395", "description": null, "place_guess": "Rila, Bulgarien", "scientific_name": "Bombus pascuorum" }, "geometry": { "type": "Point", "coordinates": [ 23.398188725499999, 42.153925623699998 ] } },
{ "type": "Feature", "properties": { "id": 181545405, "time_observed_at": null, "url": "https://www.inaturalist.org/observations/181545405", "description": null, "place_guess": "2776, Bulgarien", "scientific_name": "Bombus mastrucatus" }, "geometry": { "type": "Point", "coordinates": [ 23.5110895336, 41.720981955900001 ] } },
{ "type": "Feature", "properties": { "id": 181547739, "time_observed_at": null, "url": "https://www.inaturalist.org/observations/181547739", "description": null, "place_guess": "1444 Bistritsa, Bulgarien", "scientific_name": "Bombus sichelii" }, "geometry": { "type": "Point", "coordinates": [ 23.3577483147, 42.551849320800002 ] } },
{ "type": "Feature", "properties": { "id": 183094613, "time_observed_at": "2023-09-13T12:35:44", "url": "https://www.inaturalist.org/observations/183094613", "description": "Focus on the big bumble bee. On same thistle plant as the predatory insect. ", "place_guess": "Bulgaria", "scientific_name": "Bombus pascuorum" }, "geometry": { "type": "Point", "coordinates": [ 23.826736677300001, 42.051781200100002 ] } },
{ "type": "Feature", "properties": { "id": 188309657, "time_observed_at": null, "url": "https://www.inaturalist.org/observations/188309657", "description": null, "place_guess": "Central Macedonia, Greece", "scientific_name": "Bombus argillaceus" }, "geometry": { "type": "Point", "coordinates": [ 23.091006075500001, 41.318955674800002 ] } },
{ "type": "Feature", "properties": { "id": 189665108, "time_observed_at": null, "url": "https://www.inaturalist.org/observations/189665108", "description": null, "place_guess": "2760 Васил Левски, България", "scientific_name": "Bombus terrestris" }, "geometry": { "type": "Point", "coordinates": [ 23.463844098199999, 41.891774993399999 ] } },
{ "type": "Feature", "properties": { "id": 190117668, "time_observed_at": "2023-07-18T09:16:00", "url": "https://www.inaturalist.org/observations/190117668", "description": null, "place_guess": "Madjarovo, Bulgaria", "scientific_name": "Bombus pascuorum" }, "geometry": { "type": "Point", "coordinates": [ 25.865980202700001, 41.647723167 ] } },
{ "type": "Feature", "properties": { "id": 193373403, "time_observed_at": "2017-04-22T15:27:00", "url": "https://www.inaturalist.org/observations/193373403", "description": null, "place_guess": "Община Ботевград, България", "scientific_name": "Bombus" }, "geometry": { "type": "Point", "coordinates": [ 23.814153669900001, 42.90452158 ] } },
{ "type": "Feature", "properties": { "id": 193420446, "time_observed_at": "2023-08-26T09:39:00", "url": "https://www.inaturalist.org/observations/193420446", "description": null, "place_guess": "Sliven municipality, Bulgarien", "scientific_name": "Bombus pascuorum" }, "geometry": { "type": "Point", "coordinates": [ 26.369070517, 42.717136681900001 ] } },
{ "type": "Feature", "properties": { "id": 193870296, "time_observed_at": "2016-05-22T14:59:00", "url": "https://www.inaturalist.org/observations/193870296", "description": null, "place_guess": "Община Ботевград, България", "scientific_name": "Bombus" }, "geometry": { "type": "Point", "coordinates": [ 23.7734043, 42.89983254 ] } },
{ "type": "Feature", "properties": { "id": 193870309, "time_observed_at": "2016-05-22T15:21:00", "url": "https://www.inaturalist.org/observations/193870309", "description": null, "place_guess": "Община Ботевград, България", "scientific_name": "Bombus lapidarius" }, "geometry": { "type": "Point", "coordinates": [ 23.77408111, 42.89869878 ] } },
{ "type": "Feature", "properties": { "id": 194891681, "time_observed_at": "2023-07-20T14:48:00", "url": "https://www.inaturalist.org/observations/194891681", "description": null, "place_guess": "Madjarovo, Bulgaria", "scientific_name": "Bombus" }, "geometry": { "type": "Point", "coordinates": [ 25.9435323, 41.6681833 ] } },
{ "type": "Feature", "properties": { "id": 194972585, "time_observed_at": "2016-03-30T15:09:00", "url": "https://www.inaturalist.org/observations/194972585", "description": null, "place_guess": "Ботевград, България", "scientific_name": "Bombus" }, "geometry": { "type": "Point", "coordinates": [ 23.81318613, 42.909187020099999 ] } },
{ "type": "Feature", "properties": { "id": 195928823, "time_observed_at": "2024-01-06T13:14:00", "url": "https://www.inaturalist.org/observations/195928823", "description": null, "place_guess": "Sliven, BG-SL, BG", "scientific_name": "Bombus" }, "geometry": { "type": "Point", "coordinates": [ 26.3216650486, 42.679832631099998 ] } },
{ "type": "Feature", "properties": { "id": 198569128, "time_observed_at": "2024-02-06T10:48:53", "url": "https://www.inaturalist.org/observations/198569128", "description": null, "place_guess": "5561, Bulgaria", "scientific_name": "Bombus haematurus" }, "geometry": { "type": "Point", "coordinates": [ 25.029101666700001, 43.245271666699999 ] } },
{ "type": "Feature", "properties": { "id": 200650737, "time_observed_at": "2024-02-27T07:32:54", "url": "https://www.inaturalist.org/observations/200650737", "description": null, "place_guess": "Bulgaria", "scientific_name": "Bombus" }, "geometry": { "type": "Point", "coordinates": [ 25.174582540700001, 43.313470323899999 ] } },
{ "type": "Feature", "properties": { "id": 200702656, "time_observed_at": "2024-02-28T09:06:01", "url": "https://www.inaturalist.org/observations/200702656", "description": null, "place_guess": "Bulgaria", "scientific_name": "Bombus" }, "geometry": { "type": "Point", "coordinates": [ 25.011706119700001, 43.288409353 ] } },
{ "type": "Feature", "properties": { "id": 200724252, "time_observed_at": "2024-02-28T09:38:35", "url": "https://www.inaturalist.org/observations/200724252", "description": null, "place_guess": "Mladost, Sofia, Bulgaria", "scientific_name": "Bombus" }, "geometry": { "type": "Point", "coordinates": [ 23.382225483700001, 42.6155883837 ] } },
{ "type": "Feature", "properties": { "id": 200727147, "time_observed_at": "2024-02-28T13:45:00", "url": "https://www.inaturalist.org/observations/200727147", "description": "On *Lonicera fragrantissima*", "place_guess": "Ботевград, България", "scientific_name": "Bombus" }, "geometry": { "type": "Point", "coordinates": [ 23.79254272, 42.898751970100001 ] } },
{ "type": "Feature", "properties": { "id": 200727153, "time_observed_at": "2024-02-28T14:39:00", "url": "https://www.inaturalist.org/observations/200727153", "description": "On *Lonicera fragrantissima*", "place_guess": "Ботевград, България", "scientific_name": "Bombus hypnorum" }, "geometry": { "type": "Point", "coordinates": [ 23.79257717, 42.89867682 ] } },
{ "type": "Feature", "properties": { "id": 200727156, "time_observed_at": "2024-02-28T14:49:00", "url": "https://www.inaturalist.org/observations/200727156", "description": null, "place_guess": "Ботевград, България", "scientific_name": "Bombus haematurus" }, "geometry": { "type": "Point", "coordinates": [ 23.79260101, 42.89870795 ] } },
{ "type": "Feature", "properties": { "id": 200815515, "time_observed_at": null, "url": "https://www.inaturalist.org/observations/200815515", "description": null, "place_guess": "2770 Банско, България", "scientific_name": "Bombus" }, "geometry": { "type": "Point", "coordinates": [ 23.486400470100001, 41.824049488500002 ] } },
{ "type": "Feature", "properties": { "id": 201162676, "time_observed_at": "2024-03-03T11:44:19", "url": "https://www.inaturalist.org/observations/201162676", "description": null, "place_guess": "Bulgaria", "scientific_name": "Bombus" }, "geometry": { "type": "Point", "coordinates": [ 25.083354193600002, 43.260240464600002 ] } },
{ "type": "Feature", "properties": { "id": 202033417, "time_observed_at": "2024-03-11T08:51:15", "url": "https://www.inaturalist.org/observations/202033417", "description": null, "place_guess": "Мотописта, 1404 София, България", "scientific_name": "Bombus pratorum" }, "geometry": { "type": "Point", "coordinates": [ 23.295372222200001, 42.663761111100001 ] } },
{ "type": "Feature", "properties": { "id": 202037195, "time_observed_at": "2024-03-11T10:04:24", "url": "https://www.inaturalist.org/observations/202037195", "description": null, "place_guess": "Bulgaria", "scientific_name": "Bombus" }, "geometry": { "type": "Point", "coordinates": [ 25.066806394499999, 43.300122022399997 ] } },
{ "type": "Feature", "properties": { "id": 202671684, "time_observed_at": "2024-03-16T13:26:00", "url": "https://www.inaturalist.org/observations/202671684", "description": null, "place_guess": "Община Ботевград, България", "scientific_name": "Bombus" }, "geometry": { "type": "Point", "coordinates": [ 23.80942188, 42.90055593 ] } },
{ "type": "Feature", "properties": { "id": 202671779, "time_observed_at": "2024-03-16T15:01:00", "url": "https://www.inaturalist.org/observations/202671779", "description": null, "place_guess": "Община Ботевград, България", "scientific_name": "Bombus" }, "geometry": { "type": "Point", "coordinates": [ 23.81295493, 42.89111912 ] } },
{ "type": "Feature", "properties": { "id": 202806405, "time_observed_at": "2024-03-17T12:48:37", "url": "https://www.inaturalist.org/observations/202806405", "description": null, "place_guess": "Sofia", "scientific_name": "Pyrobombus" }, "geometry": { "type": "Point", "coordinates": [ 23.359260559100001, 42.674316406300001 ] } },
{ "type": "Feature", "properties": { "id": 202956055, "time_observed_at": "2024-03-16T13:38:43", "url": "https://www.inaturalist.org/observations/202956055", "description": null, "place_guess": "1137 Pancharevo, Bulgaria", "scientific_name": "Bombus haematurus" }, "geometry": { "type": "Point", "coordinates": [ 23.391874730600001, 42.604364428399997 ] } },
{ "type": "Feature", "properties": { "id": 202995221, "time_observed_at": "2024-03-18T10:26:55", "url": "https://www.inaturalist.org/observations/202995221", "description": null, "place_guess": "Dolno izvorovo, Bulgaria, 6183 Долно изворово, България", "scientific_name": "Bombus" }, "geometry": { "type": "Point", "coordinates": [ 25.460400693099999, 42.661699952100001 ] } },
{ "type": "Feature", "properties": { "id": 203566784, "time_observed_at": "2024-03-23T09:09:09", "url": "https://www.inaturalist.org/observations/203566784", "description": "Definitely genus Bombus . ", "place_guess": "1444 Bistritsa, Bulgaria", "scientific_name": "Bombus" }, "geometry": { "type": "Point", "coordinates": [ 23.361649336300001, 42.584480429099997 ] } },
{ "type": "Feature", "properties": { "id": 203874162, "time_observed_at": "2019-06-14T12:21:00", "url": "https://www.inaturalist.org/observations/203874162", "description": null, "place_guess": "2932 Ablanitsa, Bulgarien", "scientific_name": "Bombus niveatus vorticosus" }, "geometry": { "type": "Point", "coordinates": [ 23.9324066667, 41.539808333300002 ] } },
{ "type": "Feature", "properties": { "id": 204128506, "time_observed_at": "2024-03-27T10:55:44", "url": "https://www.inaturalist.org/observations/204128506", "description": null, "place_guess": "Sofia, BG", "scientific_name": "Bombus pascuorum" }, "geometry": { "type": "Point", "coordinates": [ 23.813741145400002, 42.230920635300002 ] } },
{ "type": "Feature", "properties": { "id": 204128894, "time_observed_at": "2024-03-27T10:57:33", "url": "https://www.inaturalist.org/observations/204128894", "description": null, "place_guess": "Sofia, BG", "scientific_name": "Bombus" }, "geometry": { "type": "Point", "coordinates": [ 23.928130203, 42.221399160799997 ] } },
{ "type": "Feature", "properties": { "id": 204589012, "time_observed_at": "2024-03-30T14:51:00", "url": "https://www.inaturalist.org/observations/204589012", "description": null, "place_guess": "Лозята, Сливен, България", "scientific_name": "Bombus terrestris" }, "geometry": { "type": "Point", "coordinates": [ 26.3610977, 42.6898106 ] } },
{ "type": "Feature", "properties": { "id": 204754601, "time_observed_at": "2024-03-31T16:11:29", "url": "https://www.inaturalist.org/observations/204754601", "description": null, "place_guess": "1444 Bistritsa, Bulgaria", "scientific_name": "Bombus hortorum" }, "geometry": { "type": "Point", "coordinates": [ 23.3725993708, 42.571396068699997 ] } },
{ "type": "Feature", "properties": { "id": 205063076, "time_observed_at": "2024-04-01T10:32:00", "url": "https://www.inaturalist.org/observations/205063076", "description": null, "place_guess": "4292 Dobri Dol, Bulgaria", "scientific_name": "Bombus argillaceus" }, "geometry": { "type": "Point", "coordinates": [ 25.3136879722, 42.128622 ] } },
{ "type": "Feature", "properties": { "id": 206380769, "time_observed_at": "2024-04-10T05:38:11", "url": "https://www.inaturalist.org/observations/206380769", "description": null, "place_guess": "Каскада, Plovdiv, Plovdiv, BG", "scientific_name": "Bombus" }, "geometry": { "type": "Point", "coordinates": [ 24.703659640400002, 42.101374173700002 ] } },
{ "type": "Feature", "properties": { "id": 207209747, "time_observed_at": "2024-04-12T14:20:26", "url": "https://www.inaturalist.org/observations/207209747", "description": null, "place_guess": "Veliko Tarnovo, BG", "scientific_name": "Bombus pascuorum" }, "geometry": { "type": "Point", "coordinates": [ 25.8364963221, 43.3243937 ] } },
{ "type": "Feature", "properties": { "id": 207210534, "time_observed_at": "2024-04-14T06:24:00", "url": "https://www.inaturalist.org/observations/207210534", "description": null, "place_guess": "Kyustendil, Bulgaria", "scientific_name": "Bombus hortorum" }, "geometry": { "type": "Point", "coordinates": [ 22.659117, 42.113026 ] } },
{ "type": "Feature", "properties": { "id": 208557388, "time_observed_at": "2024-04-21T08:15:17", "url": "https://www.inaturalist.org/observations/208557388", "description": null, "place_guess": "8328 Суходол, България", "scientific_name": "Bombus argillaceus" }, "geometry": { "type": "Point", "coordinates": [ 27.082248330100001, 42.439906761800003 ] } },
{ "type": "Feature", "properties": { "id": 208941313, "time_observed_at": "2024-03-07T19:49:00", "url": "https://www.inaturalist.org/observations/208941313", "description": null, "place_guess": "Bansko, Bulgarien", "scientific_name": "Bombus" }, "geometry": { "type": "Point", "coordinates": [ 23.4880450872, 41.819388593 ] } },
{ "type": "Feature", "properties": { "id": 214436170, "time_observed_at": "2024-05-08T18:42:00", "url": "https://www.inaturalist.org/observations/214436170", "description": null, "place_guess": "ул.\"Росица\" 1, 5100 Горна Оряховица, България", "scientific_name": "Bombus" }, "geometry": { "type": "Point", "coordinates": [ 25.7001563, 43.1181911 ] } },
{ "type": "Feature", "properties": { "id": 214771374, "time_observed_at": "2024-05-08T07:55:53", "url": "https://www.inaturalist.org/observations/214771374", "description": null, "place_guess": "Bulgaria", "scientific_name": "Bombus argillaceus" }, "geometry": { "type": "Point", "coordinates": [ 25.189706116100002, 43.362506268799997 ] } },
{ "type": "Feature", "properties": { "id": 215856843, "time_observed_at": "2024-05-11T10:00:23", "url": "https://www.inaturalist.org/observations/215856843", "description": null, "place_guess": "Letnitsa, Sofiyska, BG", "scientific_name": "Bombus hortorum" }, "geometry": { "type": "Point", "coordinates": [ 22.961213613, 42.947842700199999 ] } },
{ "type": "Feature", "properties": { "id": 216258980, "time_observed_at": "2024-05-17T06:55:16", "url": "https://www.inaturalist.org/observations/216258980", "description": null, "place_guess": "кв. Овча купел, 1618 София, България", "scientific_name": "Bombus niveatus vorticosus" }, "geometry": { "type": "Point", "coordinates": [ 23.26783272, 42.67010122 ] } },
{ "type": "Feature", "properties": { "id": 216504339, "time_observed_at": null, "url": "https://www.inaturalist.org/observations/216504339", "description": "ID Leopoldo Castro", "place_guess": "кв. Стария град, 2770 Банско, България", "scientific_name": "Bombus niveatus vorticosus" }, "geometry": { "type": "Point", "coordinates": [ 23.485652804400001, 41.840423332199997 ] } },
{ "type": "Feature", "properties": { "id": 217238164, "time_observed_at": "2024-05-21T07:07:14", "url": "https://www.inaturalist.org/observations/217238164", "description": null, "place_guess": "Hans Kristian Andersen, Sofia, Sofia, BG", "scientific_name": "Bombus" }, "geometry": { "type": "Point", "coordinates": [ 23.399188290600001, 42.652095461899997 ] } },
{ "type": "Feature", "properties": { "id": 217470102, "time_observed_at": "2024-05-22T11:42:55", "url": "https://www.inaturalist.org/observations/217470102", "description": null, "place_guess": "Veliko Tarnovo, BG", "scientific_name": "Bombus" }, "geometry": { "type": "Point", "coordinates": [ 25.914261779699999, 43.222005458600002 ] } },
{ "type": "Feature", "properties": { "id": 217471589, "time_observed_at": "2024-05-22T08:49:14", "url": "https://www.inaturalist.org/observations/217471589", "description": null, "place_guess": "5431, Bulgaria", "scientific_name": "Bombus" }, "geometry": { "type": "Point", "coordinates": [ 25.009711666699999, 43.121795 ] } },
{ "type": "Feature", "properties": { "id": 217773027, "time_observed_at": "2024-05-22T09:49:52", "url": "https://www.inaturalist.org/observations/217773027", "description": null, "place_guess": "Cherni Vrah", "scientific_name": "Bombus rupestris" }, "geometry": { "type": "Point", "coordinates": [ 23.308375552299999, 42.5764359251 ] } },
{ "type": "Feature", "properties": { "id": 218098598, "time_observed_at": "2024-05-25T09:26:23", "url": "https://www.inaturalist.org/observations/218098598", "description": null, "place_guess": "Kosanin dolMladost, Pancharevo, Bulgaria", "scientific_name": "Bombus pratorum" }, "geometry": { "type": "Point", "coordinates": [ 23.387591242799999, 42.604395522499999 ] } },
{ "type": "Feature", "properties": { "id": 219117341, "time_observed_at": "2024-05-29T14:44:34", "url": "https://www.inaturalist.org/observations/219117341", "description": null, "place_guess": "София", "scientific_name": "Bombus" }, "geometry": { "type": "Point", "coordinates": [ 23.3495635986, 42.645633697500003 ] } },
{ "type": "Feature", "properties": { "id": 219779744, "time_observed_at": "2024-06-01T16:47:09", "url": "https://www.inaturalist.org/observations/219779744", "description": null, "place_guess": "2650, Bułgaria", "scientific_name": "Bombus pascuorum olympicus" }, "geometry": { "type": "Point", "coordinates": [ 23.280010856699999, 42.283106895499998 ] } },
{ "type": "Feature", "properties": { "id": 219780593, "time_observed_at": "2024-06-01T16:52:14", "url": "https://www.inaturalist.org/observations/219780593", "description": null, "place_guess": "2650, Bułgaria", "scientific_name": "Bombus haematurus" }, "geometry": { "type": "Point", "coordinates": [ 23.281053565400001, 42.282868273699997 ] } },
{ "type": "Feature", "properties": { "id": 219786463, "time_observed_at": "2024-06-01T17:16:58", "url": "https://www.inaturalist.org/observations/219786463", "description": null, "place_guess": "2650, Bułgaria", "scientific_name": "Bombus rupestris" }, "geometry": { "type": "Point", "coordinates": [ 23.2820319012, 42.283076385699999 ] } },
{ "type": "Feature", "properties": { "id": 219923347, "time_observed_at": "2024-06-02T05:05:25", "url": "https://www.inaturalist.org/observations/219923347", "description": null, "place_guess": "2650, Bułgaria", "scientific_name": "Bombus hortorum" }, "geometry": { "type": "Point", "coordinates": [ 23.2868541777, 42.2801240577 ] } },
{ "type": "Feature", "properties": { "id": 220645700, "time_observed_at": "2024-06-05T09:55:45", "url": "https://www.inaturalist.org/observations/220645700", "description": null, "place_guess": "м. Къро, София, Bulgaria", "scientific_name": "Bombus pratorum" }, "geometry": { "type": "Point", "coordinates": [ 23.371824547599999, 42.668936796399997 ] } },
{ "type": "Feature", "properties": { "id": 222805327, "time_observed_at": null, "url": "https://www.inaturalist.org/observations/222805327", "description": "Both the shade of yellow and the short hair strongly suggest Bombus terrestris.ID Leopoldo Castro", "place_guess": "8217 Ахелой, България", "scientific_name": "Bombus terrestris" }, "geometry": { "type": "Point", "coordinates": [ 27.6177134737, 42.6422775566 ] } },
{ "type": "Feature", "properties": { "id": 222951868, "time_observed_at": "2024-06-15T12:50:54", "url": "https://www.inaturalist.org/observations/222951868", "description": null, "place_guess": "Клуцохор", "scientific_name": "Bombus" }, "geometry": { "type": "Point", "coordinates": [ 26.306644007599999, 42.678401555599997 ] } },
{ "type": "Feature", "properties": { "id": 224213512, "time_observed_at": "2024-06-21T16:38:49", "url": "https://www.inaturalist.org/observations/224213512", "description": null, "place_guess": "Boris' Garden, Sofia, Sofia, BG", "scientific_name": "Bombus niveatus" }, "geometry": { "type": "Point", "coordinates": [ 23.342764779199999, 42.683360532899997 ] } },
{ "type": "Feature", "properties": { "id": 226363840, "time_observed_at": "2021-05-19T12:11:09", "url": "https://www.inaturalist.org/observations/226363840", "description": null, "place_guess": null, "scientific_name": "Bombus argillaceus" }, "geometry": { "type": "Point", "coordinates": [ 22.5831461752, 44.116918506499999 ] } },
{ "type": "Feature", "properties": { "id": 226659825, "time_observed_at": "2024-07-01T19:56:00", "url": "https://www.inaturalist.org/observations/226659825", "description": null, "place_guess": "Варна, Болгария", "scientific_name": "Bombus" }, "geometry": { "type": "Point", "coordinates": [ 27.9147333, 43.2140504 ] } },
{ "type": "Feature", "properties": { "id": 226660934, "time_observed_at": "2024-06-30T15:10:27", "url": "https://www.inaturalist.org/observations/226660934", "description": null, "place_guess": "Северен Плаж, 9649 Kranevo, Bulgaria", "scientific_name": "Bombus" }, "geometry": { "type": "Point", "coordinates": [ 28.0719898997, 43.3468549997 ] } },
{ "type": "Feature", "properties": { "id": 226684290, "time_observed_at": "2024-07-02T14:27:28", "url": "https://www.inaturalist.org/observations/226684290", "description": null, "place_guess": "Gorno Kirkovo", "scientific_name": "Bombus" }, "geometry": { "type": "Point", "coordinates": [ 25.349193573, 41.352661132800002 ] } },
{ "type": "Feature", "properties": { "id": 226732907, "time_observed_at": "2024-07-02T09:28:20", "url": "https://www.inaturalist.org/observations/226732907", "description": null, "place_guess": "Mladost, Sofia, Bulgaria", "scientific_name": "Bombus pratorum" }, "geometry": { "type": "Point", "coordinates": [ 23.380631245699998, 42.619401294600003 ] } },
{ "type": "Feature", "properties": { "id": 227318196, "time_observed_at": "2024-07-05T06:53:04", "url": "https://www.inaturalist.org/observations/227318196", "description": null, "place_guess": "Veliko Tarnovo, BG", "scientific_name": "Bombus" }, "geometry": { "type": "Point", "coordinates": [ 25.876671731799998, 43.387595104 ] } },
{ "type": "Feature", "properties": { "id": 227475128, "time_observed_at": "2024-07-06T08:44:33", "url": "https://www.inaturalist.org/observations/227475128", "description": null, "place_guess": "НДК, Ндк, 1463 София, България", "scientific_name": "Bombus" }, "geometry": { "type": "Point", "coordinates": [ 23.3195361111, 42.687922222200001 ] } },
{ "type": "Feature", "properties": { "id": 227545897, "time_observed_at": "2024-06-13T04:45:00", "url": "https://www.inaturalist.org/observations/227545897", "description": null, "place_guess": "Pazardzhik Municipality, Bulgaria", "scientific_name": "Bombus" }, "geometry": { "type": "Point", "coordinates": [ 24.4179055283, 42.1219329356 ] } },
{ "type": "Feature", "properties": { "id": 227583058, "time_observed_at": "2024-07-05T14:46:55", "url": "https://www.inaturalist.org/observations/227583058", "description": null, "place_guess": "Sarantsi, Sofia, Sofia, BG", "scientific_name": "Bombus" }, "geometry": { "type": "Point", "coordinates": [ 23.382391, 42.69782 ] } },
{ "type": "Feature", "properties": { "id": 227583195, "time_observed_at": "2024-07-06T09:30:42", "url": "https://www.inaturalist.org/observations/227583195", "description": null, "place_guess": "305, Glozhene, Lovech, BG", "scientific_name": "Bombus pratorum" }, "geometry": { "type": "Point", "coordinates": [ 24.184022, 43.005558 ] } },
{ "type": "Feature", "properties": { "id": 227749433, "time_observed_at": "2024-07-07T06:50:00", "url": "https://www.inaturalist.org/observations/227749433", "description": null, "place_guess": "Приморско, Болгария", "scientific_name": "Bombus" }, "geometry": { "type": "Point", "coordinates": [ 27.745235748599999, 42.275681662099998 ] } },
{ "type": "Feature", "properties": { "id": 227950985, "time_observed_at": null, "url": "https://www.inaturalist.org/observations/227950985", "description": "ID Leopoldo Castro", "place_guess": "8210, България", "scientific_name": "Bombus terrestris" }, "geometry": { "type": "Point", "coordinates": [ 27.617166973700002, 42.642673147099998 ] } },
{ "type": "Feature", "properties": { "id": 228007537, "time_observed_at": "2024-07-04T08:39:16", "url": "https://www.inaturalist.org/observations/228007537", "description": null, "place_guess": "9144, Bulgaria", "scientific_name": "Bombus argillaceus" }, "geometry": { "type": "Point", "coordinates": [ 27.706623055600001, 43.2250595 ] } },
{ "type": "Feature", "properties": { "id": 228010163, "time_observed_at": "2024-07-04T08:47:22", "url": "https://www.inaturalist.org/observations/228010163", "description": null, "place_guess": "9144, Bulgaria", "scientific_name": "Bombus argillaceus" }, "geometry": { "type": "Point", "coordinates": [ 27.7067184444, 43.223594638900003 ] } },
{ "type": "Feature", "properties": { "id": 228045211, "time_observed_at": "2024-07-08T12:43:10", "url": "https://www.inaturalist.org/observations/228045211", "description": null, "place_guess": "Kosanin dolMladost, Pancharevo, Bulgaria", "scientific_name": "Bombus pascuorum" }, "geometry": { "type": "Point", "coordinates": [ 23.387876562799999, 42.604475478600001 ] } },
{ "type": "Feature", "properties": { "id": 228202025, "time_observed_at": "2024-07-04T15:50:09", "url": "https://www.inaturalist.org/observations/228202025", "description": null, "place_guess": "Северен Плаж, 9649 Kranevo, Bulgaria", "scientific_name": "Bombus" }, "geometry": { "type": "Point", "coordinates": [ 28.0721516, 43.3471033 ] } },
{ "type": "Feature", "properties": { "id": 228585856, "time_observed_at": "2024-07-10T07:07:59", "url": "https://www.inaturalist.org/observations/228585856", "description": null, "place_guess": "Parque Zaimov, Sofia, Sofia, BG", "scientific_name": "Bombus hypnorum" }, "geometry": { "type": "Point", "coordinates": [ 23.338958412, 42.696770102099997 ] } },
{ "type": "Feature", "properties": { "id": 228587150, "time_observed_at": "2024-07-05T13:28:39", "url": "https://www.inaturalist.org/observations/228587150", "description": null, "place_guess": "Северен Плаж, 9649 Kranevo, Bulgaria", "scientific_name": "Bombus" }, "geometry": { "type": "Point", "coordinates": [ 28.0720577222, 43.3468093611 ] } },
{ "type": "Feature", "properties": { "id": 228786035, "time_observed_at": "2024-07-12T08:27:18", "url": "https://www.inaturalist.org/observations/228786035", "description": null, "place_guess": "5557 Gorsko Slivovo, Bulgaria", "scientific_name": "Bombus argillaceus" }, "geometry": { "type": "Point", "coordinates": [ 25.064322, 43.2003139722 ] } },
{ "type": "Feature", "properties": { "id": 229025220, "time_observed_at": "2024-07-13T14:03:51", "url": "https://www.inaturalist.org/observations/229025220", "description": null, "place_guess": "Pamporovo Ski Resort, Соколовци, Смолян, BG", "scientific_name": "Bombus" }, "geometry": { "type": "Point", "coordinates": [ 24.695128198500001, 41.653512451499999 ] } },
{ "type": "Feature", "properties": { "id": 229042796, "time_observed_at": "2024-07-13T15:25:13", "url": "https://www.inaturalist.org/observations/229042796", "description": null, "place_guess": "Pamporovo Ski Resort, Соколовци, Смолян, BG", "scientific_name": "Bombus" }, "geometry": { "type": "Point", "coordinates": [ 24.6946132797, 41.652167877700002 ] } },
{ "type": "Feature", "properties": { "id": 229196666, "time_observed_at": "2024-07-14T06:05:53", "url": "https://www.inaturalist.org/observations/229196666", "description": null, "place_guess": "Gorna Arda, Smoljan, BG", "scientific_name": "Bombus" }, "geometry": { "type": "Point", "coordinates": [ 24.607933312699998, 41.450080778500002 ] } },
{ "type": "Feature", "properties": { "id": 229327826, "time_observed_at": null, "url": "https://www.inaturalist.org/observations/229327826", "description": "ID Leopoldo Castro", "place_guess": "8210, България", "scientific_name": "Bombus terrestris" }, "geometry": { "type": "Point", "coordinates": [ 27.616894729399998, 42.642749354700001 ] } },
{ "type": "Feature", "properties": { "id": 230052518, "time_observed_at": null, "url": "https://www.inaturalist.org/observations/230052518", "description": "ID Leopoldo Castro", "place_guess": "8210, България", "scientific_name": "Bombus terrestris" }, "geometry": { "type": "Point", "coordinates": [ 27.6169453561, 42.642626288 ] } },
{ "type": "Feature", "properties": { "id": 230055513, "time_observed_at": "2024-07-18T04:50:00", "url": "https://www.inaturalist.org/observations/230055513", "description": null, "place_guess": "Община Ботевград, България", "scientific_name": "Bombus" }, "geometry": { "type": "Point", "coordinates": [ 23.8107419, 42.90377499 ] } },
{ "type": "Feature", "properties": { "id": 231144820, "time_observed_at": "2024-07-21T17:00:18", "url": "https://www.inaturalist.org/observations/231144820", "description": null, "place_guess": "2650, Bulgaria", "scientific_name": "Bombus" }, "geometry": { "type": "Point", "coordinates": [ 23.2583222222, 42.287972222199997 ] } },
{ "type": "Feature", "properties": { "id": 232481992, "time_observed_at": "2024-07-29T11:24:01", "url": "https://www.inaturalist.org/observations/232481992", "description": null, "place_guess": "42.2818562, 23.2690007, 2650 Сапарева баня, Bulgaria", "scientific_name": "Bombus" }, "geometry": { "type": "Point", "coordinates": [ 23.268987983500001, 42.2818242305 ] } },
{ "type": "Feature", "properties": { "id": 232518564, "time_observed_at": "2024-07-26T14:26:43", "url": "https://www.inaturalist.org/observations/232518564", "description": null, "place_guess": "1616 Sofia, Bulgaria", "scientific_name": "Bombus campestris" }, "geometry": { "type": "Point", "coordinates": [ 23.248824812500001, 42.622058400699999 ] } },
{ "type": "Feature", "properties": { "id": 232871560, "time_observed_at": "2024-07-31T10:49:08", "url": "https://www.inaturalist.org/observations/232871560", "description": null, "place_guess": "7J85+8P Еко пътека \"Песако\", 2010 Borovets, Bulgaria", "scientific_name": "Bombus" }, "geometry": { "type": "Point", "coordinates": [ 23.6092027778, 42.265794444400001 ] } },
{ "type": "Feature", "properties": { "id": 233446463, "time_observed_at": null, "url": "https://www.inaturalist.org/observations/233446463", "description": "ID Leopoldo Castro", "place_guess": "8210, България", "scientific_name": "Bombus terrestris" }, "geometry": { "type": "Point", "coordinates": [ 27.617315501, 42.642553039799999 ] } },
{ "type": "Feature", "properties": { "id": 234667821, "time_observed_at": "2024-08-09T10:26:25", "url": "https://www.inaturalist.org/observations/234667821", "description": null, "place_guess": "Безбожко езеро, Добринище, Благоевград, BG", "scientific_name": "Bombus" }, "geometry": { "type": "Point", "coordinates": [ 23.523625508, 41.734122983200002 ] } },
{ "type": "Feature", "properties": { "id": 235117819, "time_observed_at": "2024-08-11T13:25:44", "url": "https://www.inaturalist.org/observations/235117819", "description": null, "place_guess": "Blagoevgrad, BG", "scientific_name": "Bombus pascuorum" }, "geometry": { "type": "Point", "coordinates": [ 23.5551165812, 41.666231719 ] } },
{ "type": "Feature", "properties": { "id": 235155499, "time_observed_at": "2024-08-11T14:29:49", "url": "https://www.inaturalist.org/observations/235155499", "description": null, "place_guess": "Blagoevgrad, BG", "scientific_name": "Bombus niveatus" }, "geometry": { "type": "Point", "coordinates": [ 23.438029826899999, 41.682716684100001 ] } },
{ "type": "Feature", "properties": { "id": 235337038, "time_observed_at": "2024-08-12T13:58:14", "url": "https://www.inaturalist.org/observations/235337038", "description": null, "place_guess": "Blagoevgrad, BG", "scientific_name": "Bombus hortorum" }, "geometry": { "type": "Point", "coordinates": [ 23.5717377842, 41.7715300156 ] } },
{ "type": "Feature", "properties": { "id": 235356833, "time_observed_at": "2024-08-12T15:23:51", "url": "https://www.inaturalist.org/observations/235356833", "description": null, "place_guess": "Blagoevgrad, BG", "scientific_name": "Bombus pyrenaeus" }, "geometry": { "type": "Point", "coordinates": [ 23.458234911200002, 41.7460784461 ] } },
{ "type": "Feature", "properties": { "id": 236290236, "time_observed_at": "2024-07-05T10:28:36", "url": "https://www.inaturalist.org/observations/236290236", "description": null, "place_guess": "Grad Sofiya, BG-SG-ST, BG", "scientific_name": "Bombus terrestris" }, "geometry": { "type": "Point", "coordinates": [ 23.322695, 42.696683333300001 ] } },
{ "type": "Feature", "properties": { "id": 238618897, "time_observed_at": "2024-08-28T08:15:00", "url": "https://www.inaturalist.org/observations/238618897", "description": null, "place_guess": "2643 Rilski Manastir, Kiustendil, Bulgaria", "scientific_name": "Bombus" }, "geometry": { "type": "Point", "coordinates": [ 23.3407881549, 42.134052151100001 ] } },
{ "type": "Feature", "properties": { "id": 238619066, "time_observed_at": "2024-08-28T09:19:00", "url": "https://www.inaturalist.org/observations/238619066", "description": null, "place_guess": "2643 Rilski Manastir, Kiustendil, Bulgaria", "scientific_name": "Bombus" }, "geometry": { "type": "Point", "coordinates": [ 23.344586536800001, 42.135961589 ] } },
{ "type": "Feature", "properties": { "id": 239356046, "time_observed_at": "2010-07-04T15:24:00", "url": "https://www.inaturalist.org/observations/239356046", "description": null, "place_guess": "Gmina Kresna, Bułgaria", "scientific_name": "Bombus terrestris" }, "geometry": { "type": "Point", "coordinates": [ 23.164818505100001, 41.727173678200003 ] } },
{ "type": "Feature", "properties": { "id": 239356055, "time_observed_at": "2010-07-07T04:59:00", "url": "https://www.inaturalist.org/observations/239356055", "description": null, "place_guess": "Gmina Sandanski, Bułgaria", "scientific_name": "Bombus" }, "geometry": { "type": "Point", "coordinates": [ 23.398862730899999, 41.525284086399999 ] } },
{ "type": "Feature", "properties": { "id": 239356062, "time_observed_at": "2007-05-30T11:11:00", "url": "https://www.inaturalist.org/observations/239356062", "description": null, "place_guess": "Gmina Goce Dełczew, Bułgaria", "scientific_name": "Bombus pascuorum" }, "geometry": { "type": "Point", "coordinates": [ 23.6154948217, 41.5607864097 ] } },
{ "type": "Feature", "properties": { "id": 240511026, "time_observed_at": "2024-09-08T10:27:58", "url": "https://www.inaturalist.org/observations/240511026", "description": null, "place_guess": "Etar, Gabrovo, Bulgaria", "scientific_name": "Bombus terrestris" }, "geometry": { "type": "Point", "coordinates": [ 25.348537154500001, 42.8039760837 ] } },
{ "type": "Feature", "properties": { "id": 240952060, "time_observed_at": "2024-09-10T07:31:59", "url": "https://www.inaturalist.org/observations/240952060", "description": null, "place_guess": "1513 Lokorsko, Bulgaria", "scientific_name": "Bombus" }, "geometry": { "type": "Point", "coordinates": [ 23.466666787899999, 42.866666119 ] } },
{ "type": "Feature", "properties": { "id": 244211385, "time_observed_at": "2016-04-30T11:30:00", "url": "https://www.inaturalist.org/observations/244211385", "description": null, "place_guess": "Sofia, Bulgaria", "scientific_name": "Bombus" }, "geometry": { "type": "Point", "coordinates": [ 23.200747660800001, 42.655051317800002 ] } },
{ "type": "Feature", "properties": { "id": 244211664, "time_observed_at": "2016-04-30T11:29:00", "url": "https://www.inaturalist.org/observations/244211664", "description": null, "place_guess": "Chernia kosVitosha, 1619 Sofia, Bulgaria", "scientific_name": "Bombus lapidarius" }, "geometry": { "type": "Point", "coordinates": [ 23.207454906700001, 42.651604609800003 ] } },
{ "type": "Feature", "properties": { "id": 244214277, "time_observed_at": "2016-04-30T14:37:00", "url": "https://www.inaturalist.org/observations/244214277", "description": null, "place_guess": "Sofia, Bulgaria", "scientific_name": "Bombus" }, "geometry": { "type": "Point", "coordinates": [ 23.185821454700001, 42.665944226100002 ] } },
{ "type": "Feature", "properties": { "id": 244367791, "time_observed_at": "2016-04-28T13:46:00", "url": "https://www.inaturalist.org/observations/244367791", "description": null, "place_guess": "Sofia, Bulgaria", "scientific_name": "Bombus lapidarius" }, "geometry": { "type": "Point", "coordinates": [ 23.230115137399999, 42.6424783852 ] } },
{ "type": "Feature", "properties": { "id": 246599202, "time_observed_at": "2024-08-20T10:22:27", "url": "https://www.inaturalist.org/observations/246599202", "description": null, "place_guess": "Зелената пътека, Bachkovo, Provincia de Plovdiv, BG", "scientific_name": "Bombus" }, "geometry": { "type": "Point", "coordinates": [ 24.866186666699999, 41.93312 ] } },
{ "type": "Feature", "properties": { "id": 247071606, "time_observed_at": "2024-10-13T06:40:43", "url": "https://www.inaturalist.org/observations/247071606", "description": null, "place_guess": "Bulgaria", "scientific_name": "Bombus" }, "geometry": { "type": "Point", "coordinates": [ 25.015155567800001, 43.287879343199997 ] } },
{ "type": "Feature", "properties": { "id": 247754849, "time_observed_at": "2024-10-13T10:24:00", "url": "https://www.inaturalist.org/observations/247754849", "description": "It was very big. Must be a queen", "place_guess": "Център, 2140 Ботевград, България", "scientific_name": "Bombus" }, "geometry": { "type": "Point", "coordinates": [ 23.78857076, 42.9087573 ] } },
{ "type": "Feature", "properties": { "id": 252537002, "time_observed_at": "2024-07-16T17:03:29", "url": "https://www.inaturalist.org/observations/252537002", "description": null, "place_guess": "3042, Bulgaria", "scientific_name": "Bombus" }, "geometry": { "type": "Point", "coordinates": [ 23.4879387997, 43.147586199700001 ] } },
{ "type": "Feature", "properties": { "id": 256400633, "time_observed_at": "2010-07-04T16:00:00", "url": "https://www.inaturalist.org/observations/256400633", "description": null, "place_guess": "Gmina Sandanski, Bułgaria", "scientific_name": "Bombus argillaceus" }, "geometry": { "type": "Point", "coordinates": [ 23.388723153600001, 41.524028977900002 ] } },
{ "type": "Feature", "properties": { "id": 256400635, "time_observed_at": "2010-07-04T16:00:00", "url": "https://www.inaturalist.org/observations/256400635", "description": null, "place_guess": "2820 Melnik, Bułgaria", "scientific_name": "Bombus terrestris" }, "geometry": { "type": "Point", "coordinates": [ 23.393953213, 41.529445814600003 ] } },
{ "type": "Feature", "properties": { "id": 256400636, "time_observed_at": "2010-07-04T16:00:00", "url": "https://www.inaturalist.org/observations/256400636", "description": null, "place_guess": "2820 Melnik, Bułgaria", "scientific_name": "Bombus terrestris" }, "geometry": { "type": "Point", "coordinates": [ 23.393669351500002, 41.528289830699997 ] } },
{ "type": "Feature", "properties": { "id": 256400637, "time_observed_at": "2010-07-04T16:00:00", "url": "https://www.inaturalist.org/observations/256400637", "description": null, "place_guess": "Gmina Sandanski, Bułgaria", "scientific_name": "Bombus hortorum" }, "geometry": { "type": "Point", "coordinates": [ 23.624026134800001, 41.547224147400001 ] } },
{ "type": "Feature", "properties": { "id": 256400643, "time_observed_at": "2010-07-04T16:00:00", "url": "https://www.inaturalist.org/observations/256400643", "description": null, "place_guess": "Gmina Goce Dełczew, Bułgaria", "scientific_name": "Bombus lapidarius" }, "geometry": { "type": "Point", "coordinates": [ 23.6158119989, 41.561404594199999 ] } },
{ "type": "Feature", "properties": { "id": 256400645, "time_observed_at": "2010-07-07T16:00:00", "url": "https://www.inaturalist.org/observations/256400645", "description": null, "place_guess": "Gmina Sandanski, Bułgaria", "scientific_name": "Bombus lapidarius" }, "geometry": { "type": "Point", "coordinates": [ 23.607400591400001, 41.531512664 ] } },
{ "type": "Feature", "properties": { "id": 256400646, "time_observed_at": "2010-07-07T16:00:00", "url": "https://www.inaturalist.org/observations/256400646", "description": null, "place_guess": "Gmina Sandanski, Bułgaria", "scientific_name": "Bombus hortorum" }, "geometry": { "type": "Point", "coordinates": [ 23.594697649499999, 41.525601201100002 ] } },
{ "type": "Feature", "properties": { "id": 256798545, "time_observed_at": "2024-07-20T13:02:00", "url": "https://www.inaturalist.org/observations/256798545", "description": null, "place_guess": "Petrich, Bulgaria", "scientific_name": "Bombus vestalis" }, "geometry": { "type": "Point", "coordinates": [ 23.190265362200002, 41.361864133399997 ] } },
{ "type": "Feature", "properties": { "id": 263485096, "time_observed_at": null, "url": "https://www.inaturalist.org/observations/263485096", "description": "ID Roman Maglic", "place_guess": "2820 Мелник, България", "scientific_name": "Bombus terrestris" }, "geometry": { "type": "Point", "coordinates": [ 23.391509614899999, 41.524605365100001 ] } },
{ "type": "Feature", "properties": { "id": 264503782, "time_observed_at": "2025-03-08T09:32:27", "url": "https://www.inaturalist.org/observations/264503782", "description": null, "place_guess": "Kosanin dolMladost, Pancharevo, Bulgaria", "scientific_name": "Bombus pratorum" }, "geometry": { "type": "Point", "coordinates": [ 23.388048894699999, 42.604481648099998 ] } },
{ "type": "Feature", "properties": { "id": 264686431, "time_observed_at": "2025-03-09T12:40:00", "url": "https://www.inaturalist.org/observations/264686431", "description": null, "place_guess": "Primorski, Varna, Bulgaria", "scientific_name": "Bombus terrestris" }, "geometry": { "type": "Point", "coordinates": [ 27.931892264, 43.243671701 ] } },
{ "type": "Feature", "properties": { "id": 265547848, "time_observed_at": "2025-03-16T10:55:34", "url": "https://www.inaturalist.org/observations/265547848", "description": null, "place_guess": "5237, Bulgaria", "scientific_name": "Bombus argillaceus" }, "geometry": { "type": "Point", "coordinates": [ 25.182986833299999, 43.147810833299999 ] } },
{ "type": "Feature", "properties": { "id": 265551269, "time_observed_at": "2025-03-16T09:01:57", "url": "https://www.inaturalist.org/observations/265551269", "description": null, "place_guess": "554M+XW, 5240 Suhindol, Bulgaria", "scientific_name": "Bombus argillaceus" }, "geometry": { "type": "Point", "coordinates": [ 25.184789333299999, 43.157253166700002 ] } },
{ "type": "Feature", "properties": { "id": 265551940, "time_observed_at": "2025-03-16T09:01:39", "url": "https://www.inaturalist.org/observations/265551940", "description": null, "place_guess": "554M+XW, 5240 Suhindol, Bulgaria", "scientific_name": "Bombus hortorum" }, "geometry": { "type": "Point", "coordinates": [ 25.184789333299999, 43.157253166700002 ] } },
{ "type": "Feature", "properties": { "id": 266111784, "time_observed_at": "2025-03-20T14:49:00", "url": "https://www.inaturalist.org/observations/266111784", "description": null, "place_guess": "Ботевград, България", "scientific_name": "Bombus" }, "geometry": { "type": "Point", "coordinates": [ 23.783254620099999, 42.90368854 ] } },
{ "type": "Feature", "properties": { "id": 266343569, "time_observed_at": "2025-03-22T07:33:00", "url": "https://www.inaturalist.org/observations/266343569", "description": null, "place_guess": "Лозята Сливен ", "scientific_name": "Bombus haematurus" }, "geometry": { "type": "Point", "coordinates": [ 26.40102473, 42.614615467500002 ] } },
{ "type": "Feature", "properties": { "id": 266376487, "time_observed_at": "2025-03-22T14:23:38", "url": "https://www.inaturalist.org/observations/266376487", "description": null, "place_guess": "София", "scientific_name": "Psithyrus" }, "geometry": { "type": "Point", "coordinates": [ 23.306753158599999, 42.675445556600003 ] } },
{ "type": "Feature", "properties": { "id": 266872161, "time_observed_at": "2025-03-25T07:42:32", "url": "https://www.inaturalist.org/observations/266872161", "description": null, "place_guess": "Yuzhen, Sofia, Bulgaria", "scientific_name": "Bombus terrestris" }, "geometry": { "type": "Point", "coordinates": [ 23.3081786, 42.662754 ] } },
{ "type": "Feature", "properties": { "id": 268732482, "time_observed_at": "2025-04-05T09:32:08", "url": "https://www.inaturalist.org/observations/268732482", "description": null, "place_guess": "5558 Karpachevo, Bulgaria", "scientific_name": "Bombus terrestris" }, "geometry": { "type": "Point", "coordinates": [ 25.007010166699999, 43.226603333299998 ] } },
{ "type": "Feature", "properties": { "id": 269281481, "time_observed_at": "2025-04-08T10:18:00", "url": "https://www.inaturalist.org/observations/269281481", "description": null, "place_guess": "Saltanat, 9010 Varna, Bulgaria", "scientific_name": "Bombus" }, "geometry": { "type": "Point", "coordinates": [ 27.944060340899998, 43.2120746676 ] } },
{ "type": "Feature", "properties": { "id": 270452240, "time_observed_at": "2025-04-13T13:49:22", "url": "https://www.inaturalist.org/observations/270452240", "description": null, "place_guess": "ж.к. Сухата река, 1517 София, България", "scientific_name": "Bombus" }, "geometry": { "type": "Point", "coordinates": [ 23.3610187, 42.7014123 ] } },
{ "type": "Feature", "properties": { "id": 270978645, "time_observed_at": "2025-04-17T08:07:13", "url": "https://www.inaturalist.org/observations/270978645", "description": null, "place_guess": "Bulgaria", "scientific_name": "Bombus pascuorum" }, "geometry": { "type": "Point", "coordinates": [ 25.002442233099998, 43.358577984900002 ] } },
{ "type": "Feature", "properties": { "id": 271174531, "time_observed_at": "2025-04-18T09:33:41", "url": "https://www.inaturalist.org/observations/271174531", "description": "Rather small, not sure if it's buff tailed or early", "place_guess": "1444 Bistritsa, Bulgaria", "scientific_name": "Bombus haematurus" }, "geometry": { "type": "Point", "coordinates": [ 23.3616542, 42.584431199699999 ] } },
{ "type": "Feature", "properties": { "id": 271228859, "time_observed_at": "2025-04-18T15:22:28", "url": "https://www.inaturalist.org/observations/271228859", "description": null, "place_guess": "1444 Bistritsa, Bulgaria", "scientific_name": "Bombus terrestris" }, "geometry": { "type": "Point", "coordinates": [ 23.3756875, 42.5765484 ] } },
{ "type": "Feature", "properties": { "id": 271935267, "time_observed_at": "2025-04-20T07:35:00", "url": "https://www.inaturalist.org/observations/271935267", "description": null, "place_guess": "Kotel, Bulgaria", "scientific_name": "Bombus pascuorum" }, "geometry": { "type": "Point", "coordinates": [ 26.3612423995, 42.879603354499999 ] } },
{ "type": "Feature", "properties": { "id": 272459326, "time_observed_at": "2025-04-20T10:32:41", "url": "https://www.inaturalist.org/observations/272459326", "description": null, "place_guess": "8328 Суходол, България", "scientific_name": "Bombus pascuorum" }, "geometry": { "type": "Point", "coordinates": [ 27.082696929600001, 42.4398879572 ] } },
{ "type": "Feature", "properties": { "id": 273894273, "time_observed_at": null, "url": "https://www.inaturalist.org/observations/273894273", "description": null, "place_guess": "2018保加利亚", "scientific_name": "Bombus" }, "geometry": { "type": "Point", "coordinates": [ 23.4476606548, 42.356930053500001 ] } },
{ "type": "Feature", "properties": { "id": 276987763, "time_observed_at": "2025-04-30T09:50:00", "url": "https://www.inaturalist.org/observations/276987763", "description": null, "place_guess": "Борисова Градина, София, България", "scientific_name": "Bombus" }, "geometry": { "type": "Point", "coordinates": [ 23.346809737099999, 42.678277501799997 ] } },
{ "type": "Feature", "properties": { "id": 278393816, "time_observed_at": "2025-05-04T11:17:23", "url": "https://www.inaturalist.org/observations/278393816", "description": null, "place_guess": "Chervena voda, Ruse, BG", "scientific_name": "Bombus" }, "geometry": { "type": "Point", "coordinates": [ 26.081176490400001, 43.837217882200001 ] } },
{ "type": "Feature", "properties": { "id": 278513288, "time_observed_at": "2025-05-04T12:25:01", "url": "https://www.inaturalist.org/observations/278513288", "description": null, "place_guess": "Nikolovo, Ruse, BG", "scientific_name": "Bombus" }, "geometry": { "type": "Point", "coordinates": [ 26.083616083799999, 43.846644069699998 ] } },
{ "type": "Feature", "properties": { "id": 278979799, "time_observed_at": "2025-05-06T09:02:00", "url": "https://www.inaturalist.org/observations/278979799", "description": null, "place_guess": "Костинброд, България", "scientific_name": "Bombus terrestris" }, "geometry": { "type": "Point", "coordinates": [ 23.236258591199999, 42.896410766599999 ] } },
{ "type": "Feature", "properties": { "id": 280751904, "time_observed_at": "2025-05-08T09:03:22", "url": "https://www.inaturalist.org/observations/280751904", "description": "Bombus (Psithyrus) bohemicus ", "place_guess": "Kirkovski Rayon, Sofia-grad, Bulgaria", "scientific_name": "Psithyrus" }, "geometry": { "type": "Point", "coordinates": [ 23.237363, 42.620643 ] } },
{ "type": "Feature", "properties": { "id": 281077874, "time_observed_at": "2025-04-21T04:44:00", "url": "https://www.inaturalist.org/observations/281077874", "description": null, "place_guess": "Nature Conservation Center Poda, E87, 8002 Burgas, Bulgaria", "scientific_name": "Bombus terrestris" }, "geometry": { "type": "Point", "coordinates": [ 27.4666954, 42.4440071 ] } },
{ "type": "Feature", "properties": { "id": 281087131, "time_observed_at": "2024-08-10T16:51:00", "url": "https://www.inaturalist.org/observations/281087131", "description": null, "place_guess": "2882 Gega, Bulgaria", "scientific_name": "Bombus" }, "geometry": { "type": "Point", "coordinates": [ 23.0038058, 41.4501117 ] } },
{ "type": "Feature", "properties": { "id": 281189827, "time_observed_at": "2013-06-13T05:55:14", "url": "https://www.inaturalist.org/observations/281189827", "description": "Bombus terrestris", "place_guess": "Grad Sofiya, BG-SG-ST, BG", "scientific_name": "Bombus terrestris" }, "geometry": { "type": "Point", "coordinates": [ 23.258281, 42.621097 ] } },
{ "type": "Feature", "properties": { "id": 281450360, "time_observed_at": "2025-03-27T10:00:00", "url": "https://www.inaturalist.org/observations/281450360", "description": null, "place_guess": "Petrich, Bulgaria", "scientific_name": "Bombus" }, "geometry": { "type": "Point", "coordinates": [ 23.2635260833, 41.459640591700001 ] } },
{ "type": "Feature", "properties": { "id": 281998753, "time_observed_at": "2025-05-18T05:00:46", "url": "https://www.inaturalist.org/observations/281998753", "description": null, "place_guess": "1528 София, България", "scientific_name": "Bombus" }, "geometry": { "type": "Point", "coordinates": [ 23.414188697899998, 42.686532564099998 ] } },
{ "type": "Feature", "properties": { "id": 282684542, "time_observed_at": "2025-04-10T08:01:06", "url": "https://www.inaturalist.org/observations/282684542", "description": null, "place_guess": "Veliko Tarnovo, BG", "scientific_name": "Bombus" }, "geometry": { "type": "Point", "coordinates": [ 25.852849618499999, 43.248313249900001 ] } },
{ "type": "Feature", "properties": { "id": 282962922, "time_observed_at": "2025-04-22T09:28:00", "url": "https://www.inaturalist.org/observations/282962922", "description": null, "place_guess": "Lyubimets municipality, Bulgaria", "scientific_name": "Bombus pascuorum" }, "geometry": { "type": "Point", "coordinates": [ 25.980122568900001, 41.7371934321 ] } },
{ "type": "Feature", "properties": { "id": 283073307, "time_observed_at": "2025-05-20T12:11:00", "url": "https://www.inaturalist.org/observations/283073307", "description": null, "place_guess": "Sofia, Bulgaria", "scientific_name": "Bombus pratorum" }, "geometry": { "type": "Point", "coordinates": [ 23.228101666699999, 42.627605 ] } },
{ "type": "Feature", "properties": { "id": 283096151, "time_observed_at": null, "url": "https://www.inaturalist.org/observations/283096151", "description": "ID Leopoldo Castro", "place_guess": "Sunny Beach", "scientific_name": "Bombus haematurus" }, "geometry": { "type": "Point", "coordinates": [ 27.7229123935, 42.704217713799999 ] } },
{ "type": "Feature", "properties": { "id": 283212160, "time_observed_at": "2025-05-22T07:06:03", "url": "https://www.inaturalist.org/observations/283212160", "description": null, "place_guess": "Grad Sofiya, BG-SG-ST, BG", "scientific_name": "Bombus" }, "geometry": { "type": "Point", "coordinates": [ 23.280490875200002, 42.650161743200002 ] } },
{ "type": "Feature", "properties": { "id": 283459125, "time_observed_at": "2025-05-20T11:03:00", "url": "https://www.inaturalist.org/observations/283459125", "description": null, "place_guess": "Svogué, Bulgarie", "scientific_name": "Bombus" }, "geometry": { "type": "Point", "coordinates": [ 23.3880944205, 43.091603146799997 ] } },
{ "type": "Feature", "properties": { "id": 283554970, "time_observed_at": "2025-05-20T09:10:00", "url": "https://www.inaturalist.org/observations/283554970", "description": null, "place_guess": "Sofia, Bulgaria", "scientific_name": "Bombus" }, "geometry": { "type": "Point", "coordinates": [ 23.24416, 42.633986666699997 ] } },
{ "type": "Feature", "properties": { "id": 283592688, "time_observed_at": "2025-05-23T07:51:00", "url": "https://www.inaturalist.org/observations/283592688", "description": null, "place_guess": "8802, България", "scientific_name": "Bombus" }, "geometry": { "type": "Point", "coordinates": [ 26.363183, 42.7145627 ] } },
{ "type": "Feature", "properties": { "id": 283664070, "time_observed_at": "2024-07-26T08:08:00", "url": "https://www.inaturalist.org/observations/283664070", "description": null, "place_guess": "Sofia, Bulgaria", "scientific_name": "Bombus" }, "geometry": { "type": "Point", "coordinates": [ 23.298762092699999, 42.607485242800003 ] } },
{ "type": "Feature", "properties": { "id": 284232220, "time_observed_at": "2025-05-04T12:24:08", "url": "https://www.inaturalist.org/observations/284232220", "description": null, "place_guess": "4523, Bulgaria", "scientific_name": "Bombus pascuorum" }, "geometry": { "type": "Point", "coordinates": [ 24.133991666699998, 42.460205555599998 ] } },
{ "type": "Feature", "properties": { "id": 284236924, "time_observed_at": "2025-05-26T12:31:40", "url": "https://www.inaturalist.org/observations/284236924", "description": null, "place_guess": "Улица Зевс, Varna, Варна, BG", "scientific_name": "Bombus" }, "geometry": { "type": "Point", "coordinates": [ 27.963488333299999, 43.248671666699998 ] } },
{ "type": "Feature", "properties": { "id": 285967487, "time_observed_at": "2025-06-01T10:09:00", "url": "https://www.inaturalist.org/observations/285967487", "description": null, "place_guess": "Община Ботевград, България", "scientific_name": "Bombus campestris" }, "geometry": { "type": "Point", "coordinates": [ 23.84550798, 42.87198389 ] } },
{ "type": "Feature", "properties": { "id": 285967511, "time_observed_at": "2025-06-01T10:22:00", "url": "https://www.inaturalist.org/observations/285967511", "description": null, "place_guess": "Община Ботевград, България", "scientific_name": "Bombus pratorum" }, "geometry": { "type": "Point", "coordinates": [ 23.845396729899999, 42.87203455 ] } },
{ "type": "Feature", "properties": { "id": 286209734, "time_observed_at": "2025-06-01T09:09:28", "url": "https://www.inaturalist.org/observations/286209734", "description": null, "place_guess": "Промишлена зона Перник, Перник, България", "scientific_name": "Bombus haematurus" }, "geometry": { "type": "Point", "coordinates": [ 23.019381612499998, 42.606320857599997 ] } },
{ "type": "Feature", "properties": { "id": 287230231, "time_observed_at": "2025-05-15T14:19:00", "url": "https://www.inaturalist.org/observations/287230231", "description": null, "place_guess": "Dragoman, Bulgaria", "scientific_name": "Bombus" }, "geometry": { "type": "Point", "coordinates": [ 22.952674135, 42.936785646700002 ] } },
{ "type": "Feature", "properties": { "id": 288216513, "time_observed_at": "2025-06-09T15:19:17", "url": "https://www.inaturalist.org/observations/288216513", "description": null, "place_guess": "Bulgaria", "scientific_name": "Bombus haematurus" }, "geometry": { "type": "Point", "coordinates": [ 25.119385166600001, 42.685601075400001 ] } },
{ "type": "Feature", "properties": { "id": 288549409, "time_observed_at": "2025-06-10T04:14:00", "url": "https://www.inaturalist.org/observations/288549409", "description": null, "place_guess": "7273 Kostandenets, Bulgaria", "scientific_name": "Bombus pascuorum" }, "geometry": { "type": "Point", "coordinates": [ 26.1888486165, 43.576473803600003 ] } },
{ "type": "Feature", "properties": { "id": 288549429, "time_observed_at": "2025-06-10T04:33:00", "url": "https://www.inaturalist.org/observations/288549429", "description": null, "place_guess": "7273 Kostandenets, Bulgaria", "scientific_name": "Bombus pascuorum olympicus" }, "geometry": { "type": "Point", "coordinates": [ 26.1888486165, 43.576473803600003 ] } },
{ "type": "Feature", "properties": { "id": 288783764, "time_observed_at": "2025-06-11T04:39:00", "url": "https://www.inaturalist.org/observations/288783764", "description": null, "place_guess": "7273 Kostandenets, Bulgaria", "scientific_name": "Bombus pascuorum" }, "geometry": { "type": "Point", "coordinates": [ 26.1888486165, 43.576473803600003 ] } },
{ "type": "Feature", "properties": { "id": 288886752, "time_observed_at": "2024-06-18T14:41:00", "url": "https://www.inaturalist.org/observations/288886752", "description": null, "place_guess": "Koprivshtitsa area, Anton, 2089, Bulgaria", "scientific_name": "Bombus" }, "geometry": { "type": "Point", "coordinates": [ 24.349374444399999, 42.7108175 ] } },
{ "type": "Feature", "properties": { "id": 288886756, "time_observed_at": "2024-06-18T14:42:00", "url": "https://www.inaturalist.org/observations/288886756", "description": null, "place_guess": "Koprivshtitsa area, Anton, 2089, Bulgaria", "scientific_name": "Bombus pascuorum" }, "geometry": { "type": "Point", "coordinates": [ 24.349291666700001, 42.710821666699999 ] } },
{ "type": "Feature", "properties": { "id": 288990555, "time_observed_at": "2025-06-12T00:22:00", "url": "https://www.inaturalist.org/observations/288990555", "description": null, "place_guess": "Ivanovo, Bulgaria", "scientific_name": "Bombus pascuorum" }, "geometry": { "type": "Point", "coordinates": [ 26.0968468505, 43.603640516200002 ] } },
{ "type": "Feature", "properties": { "id": 289098389, "time_observed_at": "2025-06-12T04:31:00", "url": "https://www.inaturalist.org/observations/289098389", "description": null, "place_guess": "7273 Kostandenets, Bulgaria", "scientific_name": "Bombus haematurus" }, "geometry": { "type": "Point", "coordinates": [ 26.1888486165, 43.576473803600003 ] } },
{ "type": "Feature", "properties": { "id": 289098401, "time_observed_at": "2025-06-12T04:45:00", "url": "https://www.inaturalist.org/observations/289098401", "description": null, "place_guess": "7273 Kostandenets, Bulgaria", "scientific_name": "Bombus haematurus" }, "geometry": { "type": "Point", "coordinates": [ 26.1888486165, 43.576473803600003 ] } },
{ "type": "Feature", "properties": { "id": 289484865, "time_observed_at": "2025-06-14T10:39:46", "url": "https://www.inaturalist.org/observations/289484865", "description": null, "place_guess": "8802 Sliven, Bulgaria", "scientific_name": "Bombus haematurus" }, "geometry": { "type": "Point", "coordinates": [ 26.350080555600002, 42.702816666700002 ] } },
{ "type": "Feature", "properties": { "id": 289485817, "time_observed_at": "2025-06-14T10:42:26", "url": "https://www.inaturalist.org/observations/289485817", "description": null, "place_guess": "8802 Sliven, Bulgaria", "scientific_name": "Bombus haematurus" }, "geometry": { "type": "Point", "coordinates": [ 26.350077777799999, 42.703330555599997 ] } },
{ "type": "Feature", "properties": { "id": 289496464, "time_observed_at": "2025-06-14T11:19:34", "url": "https://www.inaturalist.org/observations/289496464", "description": null, "place_guess": "8802 Sliven, Bulgaria", "scientific_name": "Bombus haematurus" }, "geometry": { "type": "Point", "coordinates": [ 26.35008856, 42.70305403 ] } },
{ "type": "Feature", "properties": { "id": 289496775, "time_observed_at": "2025-06-14T11:25:04", "url": "https://www.inaturalist.org/observations/289496775", "description": null, "place_guess": "8802 Sliven, Bulgaria", "scientific_name": "Bombus pratorum" }, "geometry": { "type": "Point", "coordinates": [ 26.350080555600002, 42.703327777799998 ] } },
{ "type": "Feature", "properties": { "id": 289632829, "time_observed_at": "2025-06-13T22:22:00", "url": "https://www.inaturalist.org/observations/289632829", "description": null, "place_guess": "Kotel, Bulgaria", "scientific_name": "Bombus haematurus" }, "geometry": { "type": "Point", "coordinates": [ 26.471302874100001, 42.922592928900002 ] } },
{ "type": "Feature", "properties": { "id": 290178019, "time_observed_at": "2025-06-16T04:35:00", "url": "https://www.inaturalist.org/observations/290178019", "description": null, "place_guess": "Kotel, Bulgaria", "scientific_name": "Bombus" }, "geometry": { "type": "Point", "coordinates": [ 26.471302874100001, 42.922592928900002 ] } },
{ "type": "Feature", "properties": { "id": 290178037, "time_observed_at": "2025-06-16T04:44:00", "url": "https://www.inaturalist.org/observations/290178037", "description": null, "place_guess": "Kotel, Bulgaria", "scientific_name": "Bombus haematurus" }, "geometry": { "type": "Point", "coordinates": [ 26.471302874100001, 42.922592928900002 ] } },
{ "type": "Feature", "properties": { "id": 290178181, "time_observed_at": "2025-06-16T05:59:00", "url": "https://www.inaturalist.org/observations/290178181", "description": null, "place_guess": "Kotel, Bulgaria", "scientific_name": "Bombus" }, "geometry": { "type": "Point", "coordinates": [ 26.471302874100001, 42.922592928900002 ] } },
{ "type": "Feature", "properties": { "id": 290630857, "time_observed_at": "2025-06-17T21:57:00", "url": "https://www.inaturalist.org/observations/290630857", "description": null, "place_guess": "7273 Kostandenets, Bulgaria", "scientific_name": "Bombus argillaceus" }, "geometry": { "type": "Point", "coordinates": [ 26.1888486165, 43.576473803600003 ] } },
{ "type": "Feature", "properties": { "id": 291512753, "time_observed_at": "2025-06-21T16:19:39", "url": "https://www.inaturalist.org/observations/291512753", "description": null, "place_guess": "Varba, Sofia, Sofia, BG", "scientific_name": "Bombus" }, "geometry": { "type": "Point", "coordinates": [ 23.247534899800002, 42.670835545199999 ] } },
{ "type": "Feature", "properties": { "id": 291849301, "time_observed_at": "2025-06-21T10:20:49", "url": "https://www.inaturalist.org/observations/291849301", "description": null, "place_guess": "6147, Bulgária", "scientific_name": "Bombus terrestris" }, "geometry": { "type": "Point", "coordinates": [ 25.2596388889, 42.688530555600003 ] } },
{ "type": "Feature", "properties": { "id": 292410784, "time_observed_at": "2025-06-24T17:56:17", "url": "https://www.inaturalist.org/observations/292410784", "description": null, "place_guess": "4292, Bulgaria", "scientific_name": "Bombus argillaceus" }, "geometry": { "type": "Point", "coordinates": [ 25.315633333299999, 42.142813888900001 ] } },
{ "type": "Feature", "properties": { "id": 292842394, "time_observed_at": "2025-06-26T11:20:38", "url": "https://www.inaturalist.org/observations/292842394", "description": null, "place_guess": "пл. Хаджи Димитър, Sliven, Sliven, BG", "scientific_name": "Bombus" }, "geometry": { "type": "Point", "coordinates": [ 26.31468, 42.6813 ] } },
{ "type": "Feature", "properties": { "id": 293761315, "time_observed_at": "2025-06-27T06:06:00", "url": "https://www.inaturalist.org/observations/293761315", "description": null, "place_guess": "Sofia, Bulgaria", "scientific_name": "Bombus sylvestris" }, "geometry": { "type": "Point", "coordinates": [ 23.241609306899999, 42.620941340800002 ] } },
{ "type": "Feature", "properties": { "id": 293995731, "time_observed_at": null, "url": "https://www.inaturalist.org/observations/293995731", "description": null, "place_guess": "MPP6+GG, Слънчев Бряг, 8240 Слънчев бряг, България", "scientific_name": "Bombus" }, "geometry": { "type": "Point", "coordinates": [ 27.713126018600001, 42.685666276600003 ] } },
{ "type": "Feature", "properties": { "id": 294377349, "time_observed_at": "2025-07-01T11:49:00", "url": "https://www.inaturalist.org/observations/294377349", "description": null, "place_guess": "Sofia, Bulgaria", "scientific_name": "Bombus niveatus" }, "geometry": { "type": "Point", "coordinates": [ 23.244493333299999, 42.633681666699999 ] } },
{ "type": "Feature", "properties": { "id": 295408981, "time_observed_at": "2025-07-05T15:24:48", "url": "https://www.inaturalist.org/observations/295408981", "description": null, "place_guess": "Мини Марица Изток, 6062 Старозагорски бани, България", "scientific_name": "Bombus pascuorum" }, "geometry": { "type": "Point", "coordinates": [ 25.498083, 42.454044 ] } },
{ "type": "Feature", "properties": { "id": 295435293, "time_observed_at": "2025-07-05T16:27:44", "url": "https://www.inaturalist.org/observations/295435293", "description": null, "place_guess": "6062, България", "scientific_name": "Bombus terrestris" }, "geometry": { "type": "Point", "coordinates": [ 25.497146, 42.458564 ] } },
{ "type": "Feature", "properties": { "id": 295633953, "time_observed_at": "2025-07-06T08:44:24", "url": "https://www.inaturalist.org/observations/295633953", "description": null, "place_guess": "1641 Владая, България", "scientific_name": "Bombus lucorum" }, "geometry": { "type": "Point", "coordinates": [ 23.2222375, 42.62703091 ] } },
{ "type": "Feature", "properties": { "id": 295938451, "time_observed_at": "2025-07-07T05:59:00", "url": "https://www.inaturalist.org/observations/295938451", "description": null, "place_guess": "Западен, София, България", "scientific_name": "Bombus terrestris" }, "geometry": { "type": "Point", "coordinates": [ 23.274140466599999, 42.7072593101 ] } },
{ "type": "Feature", "properties": { "id": 296029070, "time_observed_at": "2025-07-07T16:25:27", "url": "https://www.inaturalist.org/observations/296029070", "description": null, "place_guess": "Сушица, ул. Г.Димитров 11, 5177 Sushitsa, Bulgaria", "scientific_name": "Bombus terrestris" }, "geometry": { "type": "Point", "coordinates": [ 25.822711944400002, 43.258926388900001 ] } },
{ "type": "Feature", "properties": { "id": 296029643, "time_observed_at": "2025-07-05T15:15:13", "url": "https://www.inaturalist.org/observations/296029643", "description": null, "place_guess": "Varna, Varna, BG", "scientific_name": "Bombus terrestris" }, "geometry": { "type": "Point", "coordinates": [ 28.015383333300001, 43.235455 ] } },
{ "type": "Feature", "properties": { "id": 296202398, "time_observed_at": "2025-07-08T08:54:50", "url": "https://www.inaturalist.org/observations/296202398", "description": null, "place_guess": "Природен парк Българка, Червена локва, Габрово, BG", "scientific_name": "Bombus" }, "geometry": { "type": "Point", "coordinates": [ 25.349359370199998, 42.802985345 ] } },
{ "type": "Feature", "properties": { "id": 296465718, "time_observed_at": "2025-07-08T08:54:50", "url": "https://www.inaturalist.org/observations/296465718", "description": null, "place_guess": "Природен парк Българка, Червена локва, Габрово, BG", "scientific_name": "Bombus" }, "geometry": { "type": "Point", "coordinates": [ 25.34942, 42.803241666700004 ] } },
{ "type": "Feature", "properties": { "id": 296982040, "time_observed_at": "2025-07-11T08:55:00", "url": "https://www.inaturalist.org/observations/296982040", "description": null, "place_guess": "Западен, София, България", "scientific_name": "Bombus terrestris" }, "geometry": { "type": "Point", "coordinates": [ 23.259347420699999, 42.701078258899997 ] } },
{ "type": "Feature", "properties": { "id": 297016881, "time_observed_at": "2025-07-11T12:56:38", "url": "https://www.inaturalist.org/observations/297016881", "description": null, "place_guess": "Сушица, ул. Г.Димитров 11, 5177 Sushitsa, Bulgaria", "scientific_name": "Bombus" }, "geometry": { "type": "Point", "coordinates": [ 25.8227348056, 43.258922555600002 ] } },
{ "type": "Feature", "properties": { "id": 297121058, "time_observed_at": "2025-07-11T16:31:58", "url": "https://www.inaturalist.org/observations/297121058", "description": null, "place_guess": "Природен парк Българка, Бърдарите, Габрово, BG", "scientific_name": "Bombus" }, "geometry": { "type": "Point", "coordinates": [ 25.4991638009, 42.7818755622 ] } },
{ "type": "Feature", "properties": { "id": 297240779, "time_observed_at": "2025-07-12T09:52:04", "url": "https://www.inaturalist.org/observations/297240779", "description": null, "place_guess": "1415 Sofia, Bulgaria", "scientific_name": "Bombus" }, "geometry": { "type": "Point", "coordinates": [ 23.304734453599998, 42.624757332 ] } },
{ "type": "Feature", "properties": { "id": 297930808, "time_observed_at": "2025-07-14T16:42:10", "url": "https://www.inaturalist.org/observations/297930808", "description": null, "place_guess": "Сушица, ул. Г.Димитров 11, 5177 Sushitsa, Bulgaria", "scientific_name": "Bombus" }, "geometry": { "type": "Point", "coordinates": [ 25.822683333299999, 43.25891875 ] } },
{ "type": "Feature", "properties": { "id": 298141584, "time_observed_at": "2025-07-10T11:18:00", "url": "https://www.inaturalist.org/observations/298141584", "description": null, "place_guess": "УЛ. КОСТЕНСКИ ВОДОПАД, Мотописта, 1404 София, България", "scientific_name": "Bombus" }, "geometry": { "type": "Point", "coordinates": [ 23.295050673199999, 42.661848129299997 ] } },
{ "type": "Feature", "properties": { "id": 298189757, "time_observed_at": "2025-07-15T15:02:43", "url": "https://www.inaturalist.org/observations/298189757", "description": null, "place_guess": "УЛ. КОСТЕНСКИ ВОДОПАД, кв. Манастирски ливади, 1404 София, България", "scientific_name": "Bombus hypnorum" }, "geometry": { "type": "Point", "coordinates": [ 23.2950446382, 42.661803010500002 ] } },
{ "type": "Feature", "properties": { "id": 298668931, "time_observed_at": "2025-07-17T13:10:10", "url": "https://www.inaturalist.org/observations/298668931", "description": null, "place_guess": "Rayon Pancharevo, Simeonovo, Sofia, BG", "scientific_name": "Bombus niveatus" }, "geometry": { "type": "Point", "coordinates": [ 23.2981569007, 42.583201313300002 ] } },
{ "type": "Feature", "properties": { "id": 298969876, "time_observed_at": "2025-07-18T13:10:00", "url": "https://www.inaturalist.org/observations/298969876", "description": null, "place_guess": "Община Ботевград, България", "scientific_name": "Bombus" }, "geometry": { "type": "Point", "coordinates": [ 23.812174150099999, 42.90384168 ] } },
{ "type": "Feature", "properties": { "id": 299506991, "time_observed_at": "2025-06-22T05:59:00", "url": "https://www.inaturalist.org/observations/299506991", "description": null, "place_guess": "Sofia, Bulgaria", "scientific_name": "Bombus" }, "geometry": { "type": "Point", "coordinates": [ 23.421922528300001, 42.571035747400003 ] } },
{ "type": "Feature", "properties": { "id": 299561829, "time_observed_at": "2025-06-15T06:22:00", "url": "https://www.inaturalist.org/observations/299561829", "description": null, "place_guess": "Sofia, Bulgaria", "scientific_name": "Bombus" }, "geometry": { "type": "Point", "coordinates": [ 23.421496385400001, 42.571244900099998 ] } },
{ "type": "Feature", "properties": { "id": 299577168, "time_observed_at": "2025-07-20T16:11:19", "url": "https://www.inaturalist.org/observations/299577168", "description": null, "place_guess": "Варна, Область Варна, BG", "scientific_name": "Bombus pascuorum" }, "geometry": { "type": "Point", "coordinates": [ 27.926113333299998, 43.114211166700002 ] } },
{ "type": "Feature", "properties": { "id": 299577295, "time_observed_at": "2025-07-20T16:11:25", "url": "https://www.inaturalist.org/observations/299577295", "description": null, "place_guess": "Варна, Область Варна, BG", "scientific_name": "Bombus pascuorum" }, "geometry": { "type": "Point", "coordinates": [ 27.926161666700001, 43.114222166700003 ] } },
{ "type": "Feature", "properties": { "id": 299608887, "time_observed_at": "2024-07-22T06:12:00", "url": "https://www.inaturalist.org/observations/299608887", "description": null, "place_guess": "Terasite, 1191 Kokalyane, Bulgaria", "scientific_name": "Bombus" }, "geometry": { "type": "Point", "coordinates": [ 23.420524150399999, 42.571546874100001 ] } },
{ "type": "Feature", "properties": { "id": 300160750, "time_observed_at": "2025-07-22T16:24:51", "url": "https://www.inaturalist.org/observations/300160750", "description": null, "place_guess": "4800 Devin, Bulgaria", "scientific_name": "Bombus pascuorum" }, "geometry": { "type": "Point", "coordinates": [ 24.399959519500001, 41.738916747399998 ] } },
{ "type": "Feature", "properties": { "id": 300623059, "time_observed_at": "2025-07-24T07:06:19", "url": "https://www.inaturalist.org/observations/300623059", "description": null, "place_guess": "УЛ. КОСТЕНСКИ ВОДОПАД, Мотописта, 1404 София, България", "scientific_name": "Bombus hypnorum" }, "geometry": { "type": "Point", "coordinates": [ 23.295139521399999, 42.661870072299998 ] } },
{ "type": "Feature", "properties": { "id": 300907989, "time_observed_at": "2025-07-23T08:59:00", "url": "https://www.inaturalist.org/observations/300907989", "description": null, "place_guess": "8849, Bulgaria", "scientific_name": "Bombus terrestris" }, "geometry": { "type": "Point", "coordinates": [ 26.439477056299999, 42.760519898200002 ] } },
{ "type": "Feature", "properties": { "id": 301004274, "time_observed_at": "2025-07-25T17:14:56", "url": "https://www.inaturalist.org/observations/301004274", "description": null, "place_guess": "УЛ. КОСТЕНСКИ ВОДОПАД, Мотописта, 1404 София, България", "scientific_name": "Bombus niveatus" }, "geometry": { "type": "Point", "coordinates": [ 23.295089565200001, 42.6618148449 ] } },
{ "type": "Feature", "properties": { "id": 301151367, "time_observed_at": "2025-07-26T04:47:25", "url": "https://www.inaturalist.org/observations/301151367", "description": null, "place_guess": "1415 София, България", "scientific_name": "Bombus" }, "geometry": { "type": "Point", "coordinates": [ 23.2920425758, 42.587574566 ] } },
{ "type": "Feature", "properties": { "id": 301151381, "time_observed_at": "2025-07-26T04:30:38", "url": "https://www.inaturalist.org/observations/301151381", "description": null, "place_guess": "1444 Бистрица, България", "scientific_name": "Bombus lucorum" }, "geometry": { "type": "Point", "coordinates": [ 23.296208381700001, 42.581019499600004 ] } },
{ "type": "Feature", "properties": { "id": 301151398, "time_observed_at": "2025-07-26T04:26:13", "url": "https://www.inaturalist.org/observations/301151398", "description": null, "place_guess": "ХИЖА АЛЕКО, 1444, България", "scientific_name": "Bombus pratorum" }, "geometry": { "type": "Point", "coordinates": [ 23.295781910399999, 42.581248595399998 ] } },
{ "type": "Feature", "properties": { "id": 301164300, "time_observed_at": "2025-07-26T06:15:17", "url": "https://www.inaturalist.org/observations/301164300", "description": null, "place_guess": "Сушица, ул. Г.Димитров 11, 5177 Sushitsa, Bulgaria", "scientific_name": "Bombus" }, "geometry": { "type": "Point", "coordinates": [ 25.822683333299999, 43.258964527800003 ] } },
{ "type": "Feature", "properties": { "id": 301303907, "time_observed_at": "2025-06-02T17:28:00", "url": "https://www.inaturalist.org/observations/301303907", "description": null, "place_guess": "Terasite, 1191 Kokalyane, Bulgaria", "scientific_name": "Bombus" }, "geometry": { "type": "Point", "coordinates": [ 23.420139371600001, 42.571125204099999 ] } },
{ "type": "Feature", "properties": { "id": 301303946, "time_observed_at": "2025-06-02T17:21:00", "url": "https://www.inaturalist.org/observations/301303946", "description": null, "place_guess": "Terasite, 1191 Kokalyane, Bulgaria", "scientific_name": "Bombus" }, "geometry": { "type": "Point", "coordinates": [ 23.420139371600001, 42.571125204099999 ] } },
{ "type": "Feature", "properties": { "id": 301303972, "time_observed_at": "2023-06-06T14:44:00", "url": "https://www.inaturalist.org/observations/301303972", "description": null, "place_guess": "Terasite, 1191 Kokalyane, Bulgaria", "scientific_name": "Bombus" }, "geometry": { "type": "Point", "coordinates": [ 23.420139371600001, 42.571125204099999 ] } },
{ "type": "Feature", "properties": { "id": 301303991, "time_observed_at": "2023-06-06T14:59:00", "url": "https://www.inaturalist.org/observations/301303991", "description": null, "place_guess": "Terasite, 1191 Kokalyane, Bulgaria", "scientific_name": "Bombus ruderarius" }, "geometry": { "type": "Point", "coordinates": [ 23.420139371600001, 42.571125204099999 ] } },
{ "type": "Feature", "properties": { "id": 301304036, "time_observed_at": "2023-06-06T14:56:00", "url": "https://www.inaturalist.org/observations/301304036", "description": null, "place_guess": "Terasite, 1191 Kokalyane, Bulgaria", "scientific_name": "Bombus" }, "geometry": { "type": "Point", "coordinates": [ 23.420139371600001, 42.571125204099999 ] } },
{ "type": "Feature", "properties": { "id": 301463375, "time_observed_at": "2025-06-03T17:34:00", "url": "https://www.inaturalist.org/observations/301463375", "description": null, "place_guess": "Sofia, Bulgaria", "scientific_name": "Bombus" }, "geometry": { "type": "Point", "coordinates": [ 23.418335365099999, 42.572178936299998 ] } },
{ "type": "Feature", "properties": { "id": 301465823, "time_observed_at": "2025-07-27T06:41:03", "url": "https://www.inaturalist.org/observations/301465823", "description": null, "place_guess": "Сушица, ул. Г.Димитров 11, 5177 Sushitsa, Bulgaria", "scientific_name": "Bombus" }, "geometry": { "type": "Point", "coordinates": [ 25.822742444399999, 43.259170527800002 ] } },
{ "type": "Feature", "properties": { "id": 301910909, "time_observed_at": "2025-07-28T07:12:00", "url": "https://www.inaturalist.org/observations/301910909", "description": null, "place_guess": "2148 Радотина, България", "scientific_name": "Bombus terrestris" }, "geometry": { "type": "Point", "coordinates": [ 23.63353, 42.99038 ] } },
{ "type": "Feature", "properties": { "id": 302304245, "time_observed_at": "2025-07-30T08:38:21", "url": "https://www.inaturalist.org/observations/302304245", "description": null, "place_guess": "Сушица, ул. Г.Димитров 11, 5177 Sushitsa, Bulgaria", "scientific_name": "Bombus" }, "geometry": { "type": "Point", "coordinates": [ 25.8226375556, 43.259014111100001 ] } }
]
}
